year,team_abb,player,college,round,pick,official_key
1993,ORL,Chris Webber,Michigan,1,1,"Chris Webber, 1993"
1993,PHI,Shawn Bradley,BYU,1,2,"Shawn Bradley, 1993"
1993,GSW,Anfernee Hardaway,Memphis,1,3,"Anfernee Hardaway, 1993"
1993,DAL,Jamal Mashburn,Kentucky,1,4,"Jamal Mashburn, 1993"
1993,MIN,Isaiah Rider,UNLV,1,5,"Isaiah Rider, 1993"
1993,WSB,Calbert Cheaney,Indiana,1,6,"Calbert Cheaney, 1993"
1993,SAC,Bobby Hurley,Duke,1,7,"Bobby Hurley, 1993"
1993,MIL,Vin Baker,University of Hartford,1,8,"Vin Baker, 1993"
1993,DEN,Rodney Rogers,Wake Forest,1,9,"Rodney Rogers, 1993"
1993,DET,Lindsey Hunter,Jackson State University,1,10,"Lindsey Hunter, 1993"
1993,DET,Allan Houston,Tennessee,1,11,"Allan Houston, 1993"
1993,LAL,George Lynch,UNC,1,12,"George Lynch, 1993"
1993,LAC,Terry Dehere,Seton Hall,1,13,"Terry Dehere, 1993"
1993,IND,Scott Haskin,Oregon State,1,14,"Scott Haskin, 1993"
1993,ATL,Doug Edwards,Florida State,1,15,"Doug Edwards, 1993"
1993,NJN,Rex Walters,Kansas,1,16,"Rex Walters, 1993"
1993,CHH,Greg Graham,Indiana,1,17,"Greg Graham, 1993"
1993,UTA,Luther Wright,Seton Hall,1,18,"Luther Wright, 1993"
1993,BOS,Acie Earl,Iowa,1,19,"Acie Earl, 1993"
1993,CHH,Scott Burrell,UConn,1,20,"Scott Burrell, 1993"
1993,POR,James Robinson,Alabama,1,21,"James Robinson, 1993"
1993,CLE,Chris Mills,Arizona,1,22,"Chris Mills, 1993"
1993,SEA,Ervin Johnson,New Orleans,1,23,"Ervin Johnson, 1993"
1993,HOU,Sam Cassell,Florida State,1,24,"Sam Cassell, 1993"
1993,CHI,Corie Blount,Cincinnati,1,25,"Corie Blount, 1993"
1993,ORL,Geert Hammink,LSU,1,26,"Geert Hammink, 1993"
1993,PHO,Malcolm Mackey,Georgia Tech,1,27,"Malcolm Mackey, 1993"
1993,DAL,Lucious Harris,Cal State Long Beach,2,28,"Lucious Harris, 1993"
1993,MIN,Sherron Mills,VCU,2,29,"Sherron Mills, 1993"
1993,WSB,Gheorghe Mureșan,No US College,2,30,"Gheorghe Mureșan, 1993"
1993,SAC,Evers Burns,Maryland,2,31,"Evers Burns, 1993"
1993,PHI,Alphonso Ford,Mississippi Valley State University,2,32,"Alphonso Ford, 1993"
1993,DAL,Eric Riley,Michigan,2,33,"Eric Riley, 1993"
1993,GSW,Darnell Mee,Western Kentucky,2,34,"Darnell Mee, 1993"
1993,MIA,Ed Stokes,Arizona,2,35,"Ed Stokes, 1993"
1993,NJN,John Best,Tennessee Technological University,2,36,"John Best, 1993"
1993,LAL,Nick Van Exel,Cincinnati,2,37,"Nick Van Exel, 1993"
1993,WSB,Conrad McRae,Syracuse,2,38,"Conrad McRae, 1993"
1993,IND,Thomas Hill,Duke,2,39,"Thomas Hill, 1993"
1993,ATL,Rich Manning,Washington,2,40,"Rich Manning, 1993"
1993,CHI,Anthony Reed,Tulane,2,41,"Anthony Reed, 1993"
1993,SEA,Adonis Jordan,Kansas,2,42,"Adonis Jordan, 1993"
1993,DEN,Josh Grant,Utah,2,43,"Josh Grant, 1993"
1993,SAC,Alex Holcombe,Baylor,2,44,"Alex Holcombe, 1993"
1993,UTA,Bryon Russell,Cal State Long Beach,2,45,"Bryon Russell, 1993"
1993,HOU,Richard Petruška,UCLA,2,46,"Richard Petruška, 1993"
1993,SAS,Chris Whitney,Clemson,2,47,"Chris Whitney, 1993"
1993,POR,Kevin Thompson,NC State,2,48,"Kevin Thompson, 1993"
1993,PHO,Mark Buford,Mississippi Valley State University,2,49,"Mark Buford, 1993"
1993,HOU,Marcelo Nicola,No US College,2,50,"Marcelo Nicola, 1993"
1993,IND,Spencer Dunkley,University of Delaware,2,51,"Spencer Dunkley, 1993"
1993,SAC,Mike Peplowski,Michigan State,2,52,"Mike Peplowski, 1993"
1993,LAC,Leonard White,Southern University and A&M College,2,53,"Leonard White, 1993"
1993,PHO,Byron Wilson,Utah,2,54,"Byron Wilson, 1993"
1994,MIL,Glenn Robinson,Purdue,1,1,"Glenn Robinson, 1994"
1994,DAL,Jason Kidd,California,1,2,"Jason Kidd, 1994"
1994,DET,Grant Hill,Duke,1,3,"Grant Hill, 1994"
1994,MIN,Donyell Marshall,UConn,1,4,"Donyell Marshall, 1994"
1994,WSB,Juwan Howard,Michigan,1,5,"Juwan Howard, 1994"
1994,PHI,Sharone Wright,Clemson,1,6,"Sharone Wright, 1994"
1994,LAC,Lamond Murray,California,1,7,"Lamond Murray, 1994"
1994,SAC,Brian Grant,Xavier,1,8,"Brian Grant, 1994"
1994,BOS,Eric Montross,UNC,1,9,"Eric Montross, 1994"
1994,LAL,Eddie Jones,Temple,1,10,"Eddie Jones, 1994"
1994,SEA,Carlos Rogers,Tennessee State,1,11,"Carlos Rogers, 1994"
1994,MIA,Khalid Reeves,Arizona,1,12,"Khalid Reeves, 1994"
1994,DEN,Jalen Rose,Michigan,1,13,"Jalen Rose, 1994"
1994,NJN,Yinka Dare,George Washington,1,14,"Yinka Dare, 1994"
1994,IND,Eric Piatkowski,Nebraska,1,15,"Eric Piatkowski, 1994"
1994,GSW,Clifford Rozier,Louisville,1,16,"Clifford Rozier, 1994"
1994,POR,Aaron McKie,Temple,1,17,"Aaron McKie, 1994"
1994,MIL,Eric Mobley,Pitt,1,18,"Eric Mobley, 1994"
1994,DAL,Tony Dumas,Missouri-Kansas City,1,19,"Tony Dumas, 1994"
1994,PHI,B.J. Tyler,Texas,1,20,"B.J. Tyler, 1994"
1994,CHI,Dickey Simpkins,Providence,1,21,"Dickey Simpkins, 1994"
1994,SAS,Bill Curley,Boston College,1,22,"Bill Curley, 1994"
1994,PHO,Wesley Person,Auburn,1,23,"Wesley Person, 1994"
1994,NYK,Monty Williams,Notre Dame,1,24,"Monty Williams, 1994"
1994,LAC,Greg Minor,Louisville,1,25,"Greg Minor, 1994"
1994,NYK,Charlie Ward,Florida State,1,26,"Charlie Ward, 1994"
1994,ORL,Brooks Thompson,Oklahoma State,1,27,"Brooks Thompson, 1994"
1994,DAL,Deon Thomas,Illinois,2,28,"Deon Thomas, 1994"
1994,PHO,Antonio Lang,Duke,2,29,"Antonio Lang, 1994"
1994,MIN,Howard Eisley,Boston College,2,30,"Howard Eisley, 1994"
1994,ORL,Rodney Dent,Kentucky,2,31,"Rodney Dent, 1994"
1994,WSB,Jim McIlvaine,Marquette,2,32,"Jim McIlvaine, 1994"
1994,PHI,Derrick Alston,Duquesne,2,33,"Derrick Alston, 1994"
1994,ATL,Gaylon Nickerson,Northwestern Oklahoma State University,2,34,"Gaylon Nickerson, 1994"
1994,SAC,Michael Smith,Providence,2,35,"Michael Smith, 1994"
1994,BOS,Andrei Fetisov,No US College,2,36,"Andrei Fetisov, 1994"
1994,SEA,Dontonio Wingfield,Cincinnati,2,37,"Dontonio Wingfield, 1994"
1994,CHH,Darrin Hancock,Kansas,2,38,"Darrin Hancock, 1994"
1994,GSW,Anthony Miller,Michigan State,2,39,"Anthony Miller, 1994"
1994,MIA,Jeff Webster,Oklahoma,2,40,"Jeff Webster, 1994"
1994,IND,William Njoku,No US College,2,41,"William Njoku, 1994"
1994,CLE,Gary Collier,Tulsa,2,42,"Gary Collier, 1994"
1994,POR,Shawnelle Scott,St. John's,2,43,"Shawnelle Scott, 1994"
1994,IND,Damon Bailey,Indiana,2,44,"Damon Bailey, 1994"
1994,GSW,Dwayne Morton,Louisville,2,45,"Dwayne Morton, 1994"
1994,MIL,Voshon Lenard,Minnesota,2,46,"Voshon Lenard, 1994"
1994,UTA,Jamie Watson,South Carolina,2,47,"Jamie Watson, 1994"
1994,DET,Jevon Crudup,Missouri,2,48,"Jevon Crudup, 1994"
1994,CHI,Kris Bruton,Benedict College,2,49,"Kris Bruton, 1994"
1994,PHO,Charles Claxton,Georgia,2,50,"Charles Claxton, 1994"
1994,SAC,Lawrence Funderburke,Ohio State,2,51,"Lawrence Funderburke, 1994"
1994,PHO,Anthony Goldwire,Houston,2,52,"Anthony Goldwire, 1994"
1994,HOU,Albert Burditt,Texas,2,53,"Albert Burditt, 1994"
1994,SEA,Željko Rebrača,No US College,2,54,"Željko Rebrača, 1994"
1995,GSW,Joe Smith,Maryland,1,1,"Joe Smith, 1995"
1995,LAC,Antonio McDyess,Alabama,1,2,"Antonio McDyess, 1995"
1995,PHI,Jerry Stackhouse,UNC,1,3,"Jerry Stackhouse, 1995"
1995,WSB,Rasheed Wallace,UNC,1,4,"Rasheed Wallace, 1995"
1995,MIN,Kevin Garnett,No US College,1,5,"Kevin Garnett, 1995"
1995,VAN,Bryant Reeves,Oklahoma State,1,6,"Bryant Reeves, 1995"
1995,TOR,Damon Stoudamire,Arizona,1,7,"Damon Stoudamire, 1995"
1995,POR,Shawn Respert,Michigan State,1,8,"Shawn Respert, 1995"
1995,NJN,Ed O'Bannon,UCLA,1,9,"Ed O'Bannon, 1995"
1995,MIA,Kurt Thomas,TCU,1,10,"Kurt Thomas, 1995"
1995,MIL,Gary Trent,Ohio University,1,11,"Gary Trent, 1995"
1995,DAL,Cherokee Parks,Duke,1,12,"Cherokee Parks, 1995"
1995,SAC,Corliss Williamson,Arkansas,1,13,"Corliss Williamson, 1995"
1995,BOS,Eric Williams,Providence,1,14,"Eric Williams, 1995"
1995,DEN,Brent Barry,Oregon State,1,15,"Brent Barry, 1995"
1995,ATL,Alan Henderson,Indiana,1,16,"Alan Henderson, 1995"
1995,CLE,Bob Sura,Florida State,1,17,"Bob Sura, 1995"
1995,DET,Theo Ratliff,Wyoming,1,18,"Theo Ratliff, 1995"
1995,DET,Randolph Childress,Wake Forest,1,19,"Randolph Childress, 1995"
1995,CHI,Jason Caffey,Alabama,1,20,"Jason Caffey, 1995"
1995,PHO,Michael Finley,Wisconsin,1,21,"Michael Finley, 1995"
1995,CHH,George Zídek,UCLA,1,22,"George Zídek, 1995"
1995,IND,Travis Best,Georgia Tech,1,23,"Travis Best, 1995"
1995,DAL,Loren Meyer,Iowa State,1,24,"Loren Meyer, 1995"
1995,ORL,David Vaughn,Memphis,1,25,"David Vaughn, 1995"
1995,SEA,Sherell Ford,University of Illinois at Chicago,1,26,"Sherell Ford, 1995"
1995,PHO,Mario Bennett,Arizona State,1,27,"Mario Bennett, 1995"
1995,UTA,Greg Ostertag,Kansas,1,28,"Greg Ostertag, 1995"
1995,SAS,Cory Alexander,Virginia,1,29,"Cory Alexander, 1995"
1995,DET,Lou Roe,UMass,2,30,"Lou Roe, 1995"
1995,CHI,Dragan Tarlać,No US College,2,31,"Dragan Tarlać, 1995"
1995,WSB,Terrence Rencher,Texas,2,32,"Terrence Rencher, 1995"
1995,BOS,Junior Burrough,Virginia,2,33,"Junior Burrough, 1995"
1995,GSW,Andrew DeClercq,Florida,2,34,"Andrew DeClercq, 1995"
1995,TOR,Jimmy King,Michigan,2,35,"Jimmy King, 1995"
1995,VAN,Lawrence Moten,Syracuse,2,36,"Lawrence Moten, 1995"
1995,LAL,Frankie King,Western Carolina,2,37,"Frankie King, 1995"
1995,MIL,Rashard Griffith,Wisconsin,2,38,"Rashard Griffith, 1995"
1995,CLE,Donny Marshall,UConn,2,39,"Donny Marshall, 1995"
1995,GSW,Dwayne Whitfield,Jackson State University,2,40,"Dwayne Whitfield, 1995"
1995,HOU,Erik Meek,Duke,2,41,"Erik Meek, 1995"
1995,ATL,Donnie Boyce,Colorado,2,42,"Donnie Boyce, 1995"
1995,MIL,Eric Snow,Michigan State,2,43,"Eric Snow, 1995"
1995,DEN,Anthony Pelle,Fresno State,2,44,"Anthony Pelle, 1995"
1995,ATL,Troy Brown,Providence,2,45,"Troy Brown, 1995"
1995,MIA,George Banks,Texas-El Paso,2,46,"George Banks, 1995"
1995,SAC,Tyus Edney,UCLA,2,47,"Tyus Edney, 1995"
1995,MIN,Mark Davis,Texas Tech,2,48,"Mark Davis, 1995"
1995,MIN,Jerome Allen,Penn,2,49,"Jerome Allen, 1995"
1995,GSW,Martin Lewis,Seward County Community College,2,50,"Martin Lewis, 1995"
1995,SAC,Dejan Bodiroga,No US College,2,51,"Dejan Bodiroga, 1995"
1995,IND,Fred Hoiberg,Iowa State,2,52,"Fred Hoiberg, 1995"
1995,LAC,Constantin Popa,Miami (FL),2,53,"Constantin Popa, 1995"
1995,SEA,Aurelijius Zukauskas,No US College,2,54,"Aurelijius Zukauskas, 1995"
1995,GSW,Michael McDonald,New Orleans,2,55,"Michael McDonald, 1995"
1995,PHO,Chris Carr,Southern Illinois,2,56,"Chris Carr, 1995"
1995,ATL,Cuonzo Martin,Purdue,2,57,"Cuonzo Martin, 1995"
1995,DET,Don Reid,Georgetown,2,58,"Don Reid, 1995"
1996,PHI,Allen Iverson,Georgetown,1,1,"Allen Iverson, 1996"
1996,TOR,Marcus Camby,UMass,1,2,"Marcus Camby, 1996"
1996,VAN,Shareef Abdur-Rahim,California,1,3,"Shareef Abdur-Rahim, 1996"
1996,MIL,Stephon Marbury,Georgia Tech,1,4,"Stephon Marbury, 1996"
1996,MIN,Ray Allen,UConn,1,5,"Ray Allen, 1996"
1996,BOS,Antoine Walker,Kentucky,1,6,"Antoine Walker, 1996"
1996,LAC,Lorenzen Wright,Memphis,1,7,"Lorenzen Wright, 1996"
1996,NJN,Kerry Kittles,Villanova,1,8,"Kerry Kittles, 1996"
1996,DAL,Samaki Walker,Louisville,1,9,"Samaki Walker, 1996"
1996,IND,Erick Dampier,Mississippi State,1,10,"Erick Dampier, 1996"
1996,GSW,Todd Fuller,NC State,1,11,"Todd Fuller, 1996"
1996,CLE,Vitaly Potapenko,Wright State University,1,12,"Vitaly Potapenko, 1996"
1996,CHH,Kobe Bryant,No US College,1,13,"Kobe Bryant, 1996"
1996,SAC,Peja Stojaković,No US College,1,14,"Peja Stojaković, 1996"
1996,PHO,Steve Nash,Santa Clara,1,15,"Steve Nash, 1996"
1996,CHH,Tony Delk,Kentucky,1,16,"Tony Delk, 1996"
1996,POR,Jermaine O'Neal,No US College,1,17,"Jermaine O'Neal, 1996"
1996,NYK,John Wallace,Syracuse,1,18,"John Wallace, 1996"
1996,NYK,Walter McCarty,Kentucky,1,19,"Walter McCarty, 1996"
1996,CLE,Zydrunas Ilgauskas,No US College,1,20,"Zydrunas Ilgauskas, 1996"
1996,NYK,Dontae' Jones,Mississippi State,1,21,"Dontae' Jones, 1996"
1996,VAN,Roy Rogers,Alabama,1,22,"Roy Rogers, 1996"
1996,DEN,Efthimios Rentzias,No US College,1,23,"Efthimios Rentzias, 1996"
1996,LAL,Derek Fisher,Little Rock,1,24,"Derek Fisher, 1996"
1996,UTA,Martin Müürsepp,No US College,1,25,"Martin Müürsepp, 1996"
1996,DET,Jerome Williams,Georgetown,1,26,"Jerome Williams, 1996"
1996,ORL,Brian Evans,Indiana,1,27,"Brian Evans, 1996"
1996,ATL,Priest Lauderdale,Central State University,1,28,"Priest Lauderdale, 1996"
1996,CHI,Travis Knight,UConn,1,29,"Travis Knight, 1996"
1996,HOU,Othella Harrington,Georgetown,2,30,"Othella Harrington, 1996"
1996,PHI,Mark Hendrickson,Washington State,2,31,"Mark Hendrickson, 1996"
1996,PHI,Ryan Minor,Oklahoma,2,32,"Ryan Minor, 1996"
1996,MIL,Moochie Norris,University of West Florida,2,33,"Moochie Norris, 1996"
1996,DAL,Shawn Harvey,West Virginia State University,2,34,"Shawn Harvey, 1996"
1996,SEA,Joseph Blair,Arizona,2,35,"Joseph Blair, 1996"
1996,LAC,Doron Sheffer,UConn,2,36,"Doron Sheffer, 1996"
1996,DEN,Jeff McInnis,UNC,2,37,"Jeff McInnis, 1996"
1996,BOS,Steve Hamer,Tennessee,2,38,"Steve Hamer, 1996"
1996,PHO,Russ Millard,Iowa,2,39,"Russ Millard, 1996"
1996,GSW,Marcus Mann,Mississippi Valley State University,2,40,"Marcus Mann, 1996"
1996,SAC,Jason Sasser,Texas Tech,2,41,"Jason Sasser, 1996"
1996,HOU,Randy Livingston,LSU,2,42,"Randy Livingston, 1996"
1996,PHO,Ben Davis,Arizona,2,43,"Ben Davis, 1996"
1996,CHH,Malik Rose,Drexel,2,44,"Malik Rose, 1996"
1996,SEA,Joe Vogel,Colorado State,2,45,"Joe Vogel, 1996"
1996,POR,Marcus Brown,Murray State,2,46,"Marcus Brown, 1996"
1996,SEA,Ron Riley,Arizona State,2,47,"Ron Riley, 1996"
1996,PHI,Jamie Feick,Michigan State,2,48,"Jamie Feick, 1996"
1996,ORL,Amal McCaskill,Marquette,2,49,"Amal McCaskill, 1996"
1996,HOU,Terrell Bell,Georgia,2,50,"Terrell Bell, 1996"
1996,VAN,Chris Robinson,Western Kentucky,2,51,"Chris Robinson, 1996"
1996,IND,Mark Pope,Kentucky,2,52,"Mark Pope, 1996"
1996,MIL,Jeff Nordgaard,Green Bay,2,53,"Jeff Nordgaard, 1996"
1996,UTA,Shandon Anderson,Georgia,2,54,"Shandon Anderson, 1996"
1996,WSB,Ronnie Henderson,LSU,2,55,"Ronnie Henderson, 1996"
1996,CLE,Reggie Geary,Arizona,2,56,"Reggie Geary, 1996"
1996,SEA,Drew Barry,Georgia Tech,2,57,"Drew Barry, 1996"
1996,DAL,Darnell Robinson,Arkansas,2,58,"Darnell Robinson, 1996"
1997,SAS,Tim Duncan,Wake Forest,1,1,"Tim Duncan, 1997"
1997,PHI,Keith Van Horn,Utah,1,2,"Keith Van Horn, 1997"
1997,BOS,Chauncey Billups,Colorado,1,3,"Chauncey Billups, 1997"
1997,VAN,Antonio Daniels,Bowling Green,1,4,"Antonio Daniels, 1997"
1997,DEN,Tony Battie,Texas Tech,1,5,"Tony Battie, 1997"
1997,BOS,Ron Mercer,Kentucky,1,6,"Ron Mercer, 1997"
1997,NJN,Tim Thomas,Villanova,1,7,"Tim Thomas, 1997"
1997,GSW,Adonal Foyle,Colgate,1,8,"Adonal Foyle, 1997"
1997,TOR,Tracy McGrady,No US College,1,9,"Tracy McGrady, 1997"
1997,MIL,Danny Fortson,Cincinnati,1,10,"Danny Fortson, 1997"
1997,SAC,Tariq Abdul-Wahad,San Jose State,1,11,"Tariq Abdul-Wahad, 1997"
1997,IND,Austin Croshere,Providence,1,12,"Austin Croshere, 1997"
1997,CLE,Derek Anderson,Kentucky,1,13,"Derek Anderson, 1997"
1997,LAC,Maurice Taylor,Michigan,1,14,"Maurice Taylor, 1997"
1997,DAL,Kelvin Cato,Iowa State,1,15,"Kelvin Cato, 1997"
1997,CLE,Brevin Knight,Stanford,1,16,"Brevin Knight, 1997"
1997,ORL,Johnny Taylor,Chattanooga,1,17,"Johnny Taylor, 1997"
1997,POR,Chris Anstey,No US College,1,18,"Chris Anstey, 1997"
1997,DET,Scot Pollard,Kansas,1,19,"Scot Pollard, 1997"
1997,MIN,Paul Grant,Wisconsin,1,20,"Paul Grant, 1997"
1997,NJN,Anthony Parker,Bradley,1,21,"Anthony Parker, 1997"
1997,ATL,Ed Gray,California,1,22,"Ed Gray, 1997"
1997,SEA,Bobby Jackson,Minnesota,1,23,"Bobby Jackson, 1997"
1997,HOU,Rodrick Rhodes,USC,1,24,"Rodrick Rhodes, 1997"
1997,NYK,John Thomas,Minnesota,1,25,"John Thomas, 1997"
1997,MIA,Charles Smith,New Mexico,1,26,"Charles Smith, 1997"
1997,UTA,Jacque Vaughn,Kansas,1,27,"Jacque Vaughn, 1997"
1997,CHI,Keith Booth,Maryland,1,28,"Keith Booth, 1997"
1997,HOU,Serge Zwikker,UNC,2,29,"Serge Zwikker, 1997"
1997,MIA,Mark Sanford,Washington,2,30,"Mark Sanford, 1997"
1997,DET,Charles O'Bannon,UCLA,2,31,"Charles O'Bannon, 1997"
1997,DEN,James Cotton,Cal State Long Beach,2,32,"James Cotton, 1997"
1997,PHI,Marko Milič,No US College,2,33,"Marko Milič, 1997"
1997,DAL,Bubba Wells,Austin Peay State University,2,34,"Bubba Wells, 1997"
1997,PHI,Kebu Stewart,Cal State-Bakersfield,2,35,"Kebu Stewart, 1997"
1997,PHI,James Collins,Florida State,2,36,"James Collins, 1997"
1997,GSW,Marc Jackson,Temple,2,37,"Marc Jackson, 1997"
1997,MIL,Jerald Honeycutt,Tulane,2,38,"Jerald Honeycutt, 1997"
1997,SAC,Anthony Johnson,College of Charleston,2,39,"Anthony Johnson, 1997"
1997,SEA,Eddie Elisma,Georgia Tech,2,40,"Eddie Elisma, 1997"
1997,DEN,Jason Lawson,Villanova,2,41,"Jason Lawson, 1997"
1997,PHO,Stephen Jackson,Butler County Community College,2,42,"Stephen Jackson, 1997"
1997,MIN,Gordon Malone,West Virginia,2,43,"Gordon Malone, 1997"
1997,CLE,Cedric Henderson,Memphis,2,44,"Cedric Henderson, 1997"
1997,WAS,God Shammgod,Providence,2,45,"God Shammgod, 1997"
1997,ORL,Eric Washington,Alabama,2,46,"Eric Washington, 1997"
1997,POR,Alvin Williams,Villanova,2,47,"Alvin Williams, 1997"
1997,WAS,Predrag Drobnjak,No US College,2,48,"Predrag Drobnjak, 1997"
1997,ATL,Alain Digbeu,No US College,2,49,"Alain Digbeu, 1997"
1997,ATL,Chris Crawford,Marquette,2,50,"Chris Crawford, 1997"
1997,LAL,DeJuan Wheat,Louisville,2,51,"DeJuan Wheat, 1997"
1997,VAN,C.J. Bruton,Indian Hills Community College,2,52,"C.J. Bruton, 1997"
1997,LAL,Paul Rogers,Gonzaga,2,53,"Paul Rogers, 1997"
1997,SEA,Mark Blount,Pitt,2,54,"Mark Blount, 1997"
1997,BOS,Ben Pepper,No US College,2,55,"Ben Pepper, 1997"
1997,UTA,Nate Erdmann,Oklahoma,2,56,"Nate Erdmann, 1997"
1997,CHI,Roberto Duenas,No US College,2,57,"Roberto Duenas, 1997"
1998,LAC,Michael Olowokandi,University of the Pacific,1,1,"Michael Olowokandi, 1998"
1998,VAN,Mike Bibby,Arizona,1,2,"Mike Bibby, 1998"
1998,DEN,Raef LaFrentz,Kansas,1,3,"Raef LaFrentz, 1998"
1998,TOR,Antawn Jamison,UNC,1,4,"Antawn Jamison, 1998"
1998,GSW,Vince Carter,UNC,1,5,"Vince Carter, 1998"
1998,DAL,Robert Traylor,Michigan,1,6,"Robert Traylor, 1998"
1998,SAC,Jason Williams,Florida,1,7,"Jason Williams, 1998"
1998,PHI,Larry Hughes,Saint Louis,1,8,"Larry Hughes, 1998"
1998,MIL,Dirk Nowitzki,No US College,1,9,"Dirk Nowitzki, 1998"
1998,BOS,Paul Pierce,Kansas,1,10,"Paul Pierce, 1998"
1998,DET,Bonzi Wells,Ball State University,1,11,"Bonzi Wells, 1998"
1998,ORL,Michael Doleac,Utah,1,12,"Michael Doleac, 1998"
1998,ORL,Keon Clark,UNLV,1,13,"Keon Clark, 1998"
1998,HOU,Michael Dickerson,Arizona,1,14,"Michael Dickerson, 1998"
1998,ORL,Matt Harpring,Georgia Tech,1,15,"Matt Harpring, 1998"
1998,HOU,Bryce Drew,Valparaiso,1,16,"Bryce Drew, 1998"
1998,MIN,Rasho Nesterović,No US College,1,17,"Rasho Nesterović, 1998"
1998,HOU,Mirsad Türkcan,No US College,1,18,"Mirsad Türkcan, 1998"
1998,MIL,Pat Garrity,Notre Dame,1,19,"Pat Garrity, 1998"
1998,ATL,Roshown McLeod,Duke,1,20,"Roshown McLeod, 1998"
1998,CHH,Ricky Davis,Iowa,1,21,"Ricky Davis, 1998"
1998,LAC,Brian Skinner,Baylor,1,22,"Brian Skinner, 1998"
1998,DEN,Tyronn Lue,Nebraska,1,23,"Tyronn Lue, 1998"
1998,SAS,Felipe López,St. John's,1,24,"Felipe López, 1998"
1998,IND,Al Harrington,No US College,1,25,"Al Harrington, 1998"
1998,LAL,Sam Jacobson,Minnesota,1,26,"Sam Jacobson, 1998"
1998,SEA,Vladimir Stepania,No US College,1,27,"Vladimir Stepania, 1998"
1998,CHI,Corey Benjamin,Oregon State,1,28,"Corey Benjamin, 1998"
1998,UTA,Nazr Mohammed,Kentucky,1,29,"Nazr Mohammed, 1998"
1998,DAL,Ansu Sesay,Ole Miss,2,30,"Ansu Sesay, 1998"
1998,LAL,Ruben Patterson,Cincinnati,2,31,"Ruben Patterson, 1998"
1998,SEA,Rashard Lewis,No US College,2,32,"Rashard Lewis, 1998"
1998,SEA,Jelani McCoy,UCLA,2,33,"Jelani McCoy, 1998"
1998,CHI,Shammond Williams,UNC,2,34,"Shammond Williams, 1998"
1998,DAL,Bruno Šundov,No US College,2,35,"Bruno Šundov, 1998"
1998,SAC,Jerome James,Florida A&M,2,36,"Jerome James, 1998"
1998,PHI,Casey Shaw,Toledo,2,37,"Casey Shaw, 1998"
1998,NYK,DeMarco Johnson,UNC Charlotte,2,38,"DeMarco Johnson, 1998"
1998,MIL,Rafer Alston,Fresno State,2,39,"Rafer Alston, 1998"
1998,DET,Korleone Young,No US College,2,40,"Korleone Young, 1998"
1998,HOU,Cuttino Mobley,Rhode Island,2,41,"Cuttino Mobley, 1998"
1998,ORL,Miles Simon,Arizona,2,42,"Miles Simon, 1998"
1998,WAS,Jahidi White,Georgetown,2,43,"Jahidi White, 1998"
1998,NYK,Sean Marks,California,2,44,"Sean Marks, 1998"
1998,LAL,Toby Bailey,UCLA,2,45,"Toby Bailey, 1998"
1998,MIN,Andrae Patterson,Indiana,2,46,"Andrae Patterson, 1998"
1998,TOR,Tyson Wheeler,Rhode Island,2,47,"Tyson Wheeler, 1998"
1998,CLE,Ryan Stack,South Carolina,2,48,"Ryan Stack, 1998"
1998,ATL,Cory Carr,Texas Tech,2,49,"Cory Carr, 1998"
1998,CHH,Andrew Betts,Cal State Long Beach,2,50,"Andrew Betts, 1998"
1998,MIA,Corey Brewer,Oklahoma,2,51,"Corey Brewer, 1998"
1998,SAS,Derrick Dial,Eastern Michigan,2,52,"Derrick Dial, 1998"
1998,DAL,Greg Buckner,Clemson,2,53,"Greg Buckner, 1998"
1998,DEN,Tremaine Fowlkes,Fresno State,2,54,"Tremaine Fowlkes, 1998"
1998,DEN,Ryan Bowen,Iowa,2,55,"Ryan Bowen, 1998"
1998,VAN,J.R. Henderson,UCLA,2,56,"J.R. Henderson, 1998"
1998,UTA,Torraye Braggs,Xavier,2,57,"Torraye Braggs, 1998"
1998,CHI,Maceo Baston,Michigan,2,58,"Maceo Baston, 1998"
1999,CHI,Elton Brand,Duke,1,1,"Elton Brand, 1999"
1999,VAN,Steve Francis,Maryland,1,2,"Steve Francis, 1999"
1999,CHH,Baron Davis,UCLA,1,3,"Baron Davis, 1999"
1999,LAC,Lamar Odom,Rhode Island,1,4,"Lamar Odom, 1999"
1999,TOR,Jonathan Bender,No US College,1,5,"Jonathan Bender, 1999"
1999,MIN,Wally Szczerbiak,Miami University,1,6,"Wally Szczerbiak, 1999"
1999,WAS,Richard Hamilton,UConn,1,7,"Richard Hamilton, 1999"
1999,CLE,Andre Miller,Utah,1,8,"Andre Miller, 1999"
1999,PHO,Shawn Marion,UNLV,1,9,"Shawn Marion, 1999"
1999,ATL,Jason Terry,Arizona,1,10,"Jason Terry, 1999"
1999,CLE,Trajan Langdon,Duke,1,11,"Trajan Langdon, 1999"
1999,TOR,Aleksandar Radojević,Barton County Community College,1,12,"Aleksandar Radojević, 1999"
1999,SEA,Corey Maggette,Duke,1,13,"Corey Maggette, 1999"
1999,MIN,William Avery,Duke,1,14,"William Avery, 1999"
1999,NYK,Frederic Weis,No US College,1,15,"Frederic Weis, 1999"
1999,CHI,Metta World Peace,St. John's,1,16,"Metta World Peace, 1999"
1999,ATL,Cal Bowdler,Old Dominion,1,17,"Cal Bowdler, 1999"
1999,DEN,James Posey,Xavier,1,18,"James Posey, 1999"
1999,UTA,Quincy Lewis,Minnesota,1,19,"Quincy Lewis, 1999"
1999,ATL,Dion Glover,Georgia Tech,1,20,"Dion Glover, 1999"
1999,GSW,Jeff Foster,Texas State University,1,21,"Jeff Foster, 1999"
1999,HOU,Kenny Thomas,New Mexico,1,22,"Kenny Thomas, 1999"
1999,LAL,Devean George,Augsburg College,1,23,"Devean George, 1999"
1999,UTA,Andrei Kirilenko,No US College,1,24,"Andrei Kirilenko, 1999"
1999,MIA,Tim James,Miami (FL),1,25,"Tim James, 1999"
1999,IND,Vonteego Cummings,Pitt,1,26,"Vonteego Cummings, 1999"
1999,ATL,Jumaine Jones,Georgia,1,27,"Jumaine Jones, 1999"
1999,UTA,Scott Padgett,Kentucky,1,28,"Scott Padgett, 1999"
1999,SAS,Leon Smith,No US College,1,29,"Leon Smith, 1999"
1999,LAL,John Celestand,Villanova,2,30,"John Celestand, 1999"
1999,LAC,Rico Hill,Illinois State,2,31,"Rico Hill, 1999"
1999,CHI,Michael Ruffin,Tulsa,2,32,"Michael Ruffin, 1999"
1999,DEN,Chris Herren,Fresno State,2,33,"Chris Herren, 1999"
1999,NJN,Evan Eschmeyer,Northwestern,2,34,"Evan Eschmeyer, 1999"
1999,WAS,Calvin Booth,Penn State,2,35,"Calvin Booth, 1999"
1999,DAL,Wang Zhizhi,No US College,2,36,"Wang Zhizhi, 1999"
1999,VAN,Obinna Ekezie,Maryland,2,37,"Obinna Ekezie, 1999"
1999,ORL,Laron Profit,Maryland,2,38,"Laron Profit, 1999"
1999,CLE,A.J. Bramlett,Arizona,2,39,"A.J. Bramlett, 1999"
1999,DAL,Gordan Giriček,No US College,2,40,"Gordan Giriček, 1999"
1999,DEN,Francisco Elson,California,2,41,"Francisco Elson, 1999"
1999,MIN,Louis Bullock,Michigan,2,42,"Louis Bullock, 1999"
1999,CHH,Lee Nailon,TCU,2,43,"Lee Nailon, 1999"
1999,HOU,Tyrone Washington,Mississippi State,2,44,"Tyrone Washington, 1999"
1999,SAC,Ryan Robertson,Kansas,2,45,"Ryan Robertson, 1999"
1999,NYK,J.R. Koch,Iowa,2,46,"J.R. Koch, 1999"
1999,PHI,Todd MacCulloch,Washington,2,47,"Todd MacCulloch, 1999"
1999,MIL,Galen Young,UNC Charlotte,2,48,"Galen Young, 1999"
1999,CHI,Lari Ketner,UMass,2,49,"Lari Ketner, 1999"
1999,HOU,Venson Hamilton,Nebraska,2,50,"Venson Hamilton, 1999"
1999,VAN,Antwain Smith,Saint Paul's College,2,51,"Antwain Smith, 1999"
1999,POR,Roberto Bergersen,Boise State,2,52,"Roberto Bergersen, 1999"
1999,MIA,Rodney Buford,Creighton,2,53,"Rodney Buford, 1999"
1999,DET,Melvin Levett,Cincinnati,2,54,"Melvin Levett, 1999"
1999,BOS,Kris Clack,Texas,2,55,"Kris Clack, 1999"
1999,GSW,Tim Young,Stanford,2,56,"Tim Young, 1999"
1999,SAS,Manu Ginóbili,No US College,2,57,"Manu Ginóbili, 1999"
1999,UTA,Eddie Lucas,Virginia Tech,2,58,"Eddie Lucas, 1999"
2000,NJN,Kenyon Martin,Cincinnati,1,1,"Kenyon Martin, 2000"
2000,VAN,Stromile Swift,LSU,1,2,"Stromile Swift, 2000"
2000,LAC,Darius Miles,No US College,1,3,"Darius Miles, 2000"
2000,CHI,Marcus Fizer,Iowa State,1,4,"Marcus Fizer, 2000"
2000,ORL,Mike Miller,Florida,1,5,"Mike Miller, 2000"
2000,ATL,DerMarr Johnson,Cincinnati,1,6,"DerMarr Johnson, 2000"
2000,CHI,Chris Mihm,Texas,1,7,"Chris Mihm, 2000"
2000,CLE,Jamal Crawford,Michigan,1,8,"Jamal Crawford, 2000"
2000,HOU,Joel Przybilla,Minnesota,1,9,"Joel Przybilla, 2000"
2000,ORL,Keyon Dooling,Missouri,1,10,"Keyon Dooling, 2000"
2000,BOS,Jérôme Moïso,UCLA,1,11,"Jérôme Moïso, 2000"
2000,DAL,Etan Thomas,Syracuse,1,12,"Etan Thomas, 2000"
2000,ORL,Courtney Alexander,Fresno State,1,13,"Courtney Alexander, 2000"
2000,DET,Mateen Cleaves,Michigan State,1,14,"Mateen Cleaves, 2000"
2000,MIL,Jason Collier,Georgia Tech,1,15,"Jason Collier, 2000"
2000,SAC,Hedo Türkoğlu,No US College,1,16,"Hedo Türkoğlu, 2000"
2000,SEA,Desmond Mason,Oklahoma State,1,17,"Desmond Mason, 2000"
2000,LAC,Quentin Richardson,DePaul,1,18,"Quentin Richardson, 2000"
2000,CHH,Jamaal Magloire,Kentucky,1,19,"Jamaal Magloire, 2000"
2000,PHI,Speedy Claxton,Hofstra,1,20,"Speedy Claxton, 2000"
2000,TOR,Morris Peterson,Michigan State,1,21,"Morris Peterson, 2000"
2000,NYK,Donnell Harvey,Florida,1,22,"Donnell Harvey, 2000"
2000,UTA,DeShawn Stevenson,No US College,1,23,"DeShawn Stevenson, 2000"
2000,CHI,Dalibor Bagarić,No US College,1,24,"Dalibor Bagarić, 2000"
2000,PHO,Jake Tsakalidis,No US College,1,25,"Jake Tsakalidis, 2000"
2000,DEN,Mamadou N'Diaye,Auburn,1,26,"Mamadou N'Diaye, 2000"
2000,IND,Primož Brezec,No US College,1,27,"Primož Brezec, 2000"
2000,POR,Erick Barkley,St. John's,1,28,"Erick Barkley, 2000"
2000,LAL,Mark Madsen,Stanford,1,29,"Mark Madsen, 2000"
2000,LAC,Marko Jarić,No US College,2,30,"Marko Jarić, 2000"
2000,DAL,Dan Langhi,Vanderbilt,2,31,"Dan Langhi, 2000"
2000,CHI,A.J. Guyton,Indiana,2,32,"A.J. Guyton, 2000"
2000,CHI,Jake Voskuhl,UConn,2,33,"Jake Voskuhl, 2000"
2000,CHI,Khalid El-Amin,UConn,2,34,"Khalid El-Amin, 2000"
2000,WAS,Mike Smith,Louisiana-Monroe,2,35,"Mike Smith, 2000"
2000,NJN,Soumaila Samake,No US College,2,36,"Soumaila Samake, 2000"
2000,MIA,Eddie House,Arizona State,2,37,"Eddie House, 2000"
2000,HOU,Eduardo Nájera,Oklahoma,2,38,"Eduardo Nájera, 2000"
2000,NYK,Lavor Postell,St. John's,2,39,"Lavor Postell, 2000"
2000,ATL,Hanno Möttölä,Utah,2,40,"Hanno Möttölä, 2000"
2000,SAS,Chris Carrawell,Duke,2,41,"Chris Carrawell, 2000"
2000,SEA,Olumide Oyedeji,No US College,2,42,"Olumide Oyedeji, 2000"
2000,MIL,Michael Redd,Ohio State,2,43,"Michael Redd, 2000"
2000,DET,Brian Cardinal,Purdue,2,44,"Brian Cardinal, 2000"
2000,SAC,Jabari Smith,LSU,2,45,"Jabari Smith, 2000"
2000,TOR,DeeAndre Hulett,College of the Sequoias,2,46,"DeeAndre Hulett, 2000"
2000,SEA,Josip Sesar,No US College,2,47,"Josip Sesar, 2000"
2000,PHI,Mark Karcher,Temple,2,48,"Mark Karcher, 2000"
2000,MIL,Jason Hart,Syracuse,2,49,"Jason Hart, 2000"
2000,UTA,Kaniel Dickens,Idaho,2,50,"Kaniel Dickens, 2000"
2000,MIN,Igor Rakočević,No US College,2,51,"Igor Rakočević, 2000"
2000,MIA,Ernest Brown,Indian Hills Community College,2,52,"Ernest Brown, 2000"
2000,DEN,Dan McClintock,Northern Arizona University,2,53,"Dan McClintock, 2000"
2000,SAS,Cory Hightower,Indian Hills Community College,2,54,"Cory Hightower, 2000"
2000,GSW,Chris Porter,Auburn,2,55,"Chris Porter, 2000"
2000,IND,Jaquay Walls,Colorado,2,56,"Jaquay Walls, 2000"
2000,ATL,Scoonie Penn,Ohio State,2,57,"Scoonie Penn, 2000"
2000,DAL,Pete Mickeal,Cincinnati,2,58,"Pete Mickeal, 2000"
2001,WAS,Kwame Brown,No US College,1,1,"Kwame Brown, 2001"
2001,LAC,Tyson Chandler,No US College,1,2,"Tyson Chandler, 2001"
2001,ATL,Pau Gasol,No US College,1,3,"Pau Gasol, 2001"
2001,CHI,Eddy Curry,No US College,1,4,"Eddy Curry, 2001"
2001,GSW,Jason Richardson,Michigan State,1,5,"Jason Richardson, 2001"
2001,MEM,Shane Battier,Duke,1,6,"Shane Battier, 2001"
2001,NJN,Eddie Griffin,Seton Hall,1,7,"Eddie Griffin, 2001"
2001,CLE,DeSagana Diop,No US College,1,8,"DeSagana Diop, 2001"
2001,DET,Rodney White,UNC Charlotte,1,9,"Rodney White, 2001"
2001,BOS,Joe Johnson,Arkansas,1,10,"Joe Johnson, 2001"
2001,BOS,Kedrick Brown,Okaloosa-Walton Community College,1,11,"Kedrick Brown, 2001"
2001,SEA,Vladimir Radmanović,No US College,1,12,"Vladimir Radmanović, 2001"
2001,HOU,Richard Jefferson,Arizona,1,13,"Richard Jefferson, 2001"
2001,GSW,Troy Murphy,Notre Dame,1,14,"Troy Murphy, 2001"
2001,ORL,Steven Hunter,DePaul,1,15,"Steven Hunter, 2001"
2001,CHH,Kirk Haston,Indiana,1,16,"Kirk Haston, 2001"
2001,TOR,Michael Bradley,Villanova,1,17,"Michael Bradley, 2001"
2001,HOU,Jason Collins,Stanford,1,18,"Jason Collins, 2001"
2001,POR,Zach Randolph,Michigan State,1,19,"Zach Randolph, 2001"
2001,CLE,Brendan Haywood,UNC,1,20,"Brendan Haywood, 2001"
2001,BOS,Joseph Forte,UNC,1,21,"Joseph Forte, 2001"
2001,ORL,Jeryl Sasser,SMU,1,22,"Jeryl Sasser, 2001"
2001,HOU,Brandon Armstrong,Pepperdine,1,23,"Brandon Armstrong, 2001"
2001,UTA,Raül López,No US College,1,24,"Raül López, 2001"
2001,SAC,Gerald Wallace,Alabama,1,25,"Gerald Wallace, 2001"
2001,PHI,Samuel Dalembert,Seton Hall,1,26,"Samuel Dalembert, 2001"
2001,MEM,Jamaal Tinsley,Iowa State,1,27,"Jamaal Tinsley, 2001"
2001,SAS,Tony Parker,No US College,1,28,"Tony Parker, 2001"
2001,CHI,Trenton Hassell,Austin Peay State University,2,29,"Trenton Hassell, 2001"
2001,GSW,Gilbert Arenas,Arizona,2,30,"Gilbert Arenas, 2001"
2001,ORL,Omar Cook,St. John's,2,31,"Omar Cook, 2001"
2001,MEM,Will Solomon,Clemson,2,32,"Will Solomon, 2001"
2001,ATL,Terence Morris,Maryland,2,33,"Terence Morris, 2001"
2001,NJN,Brian Scalabrine,USC,2,34,"Brian Scalabrine, 2001"
2001,CLE,Jeff Trepagnier,USC,2,35,"Jeff Trepagnier, 2001"
2001,PHI,Damone Brown,Syracuse,2,36,"Damone Brown, 2001"
2001,DET,Mehmet Okur,No US College,2,37,"Mehmet Okur, 2001"
2001,NYK,Michael Wright,Arizona,2,38,"Michael Wright, 2001"
2001,SEA,Earl Watson,UCLA,2,39,"Earl Watson, 2001"
2001,IND,Jamison Brewer,Auburn,2,40,"Jamison Brewer, 2001"
2001,SEA,Bobby Simmons,DePaul,2,41,"Bobby Simmons, 2001"
2001,NYK,Eric Chenowith,Kansas,2,42,"Eric Chenowith, 2001"
2001,DAL,Kyle Hill,Eastern Illinois University,2,43,"Kyle Hill, 2001"
2001,CHI,Sean Lampley,California,2,44,"Sean Lampley, 2001"
2001,MIN,Loren Woods,Arizona,2,45,"Loren Woods, 2001"
2001,DEN,Ousmane Cisse,No US College,2,46,"Ousmane Cisse, 2001"
2001,MEM,Antonis Fotsis,No US College,2,47,"Antonis Fotsis, 2001"
2001,MIA,Ken Johnson,Ohio State,2,48,"Ken Johnson, 2001"
2001,POR,Ruben Boumtje-Boumtje,Georgetown,2,49,"Ruben Boumtje-Boumtje, 2001"
2001,PHO,Alton Ford,Houston,2,50,"Alton Ford, 2001"
2001,MIL,Andre Hutson,Michigan State,2,51,"Andre Hutson, 2001"
2001,UTA,Jarron Collins,Stanford,2,52,"Jarron Collins, 2001"
2001,DAL,Kenny Satterfield,Cincinnati,2,53,"Kenny Satterfield, 2001"
2001,SAC,Maurice Jeffers,Saint Louis,2,54,"Maurice Jeffers, 2001"
2001,SAS,Robertas Javtokas,No US College,2,55,"Robertas Javtokas, 2001"
2001,PHI,Alvin Jones,Georgia Tech,2,56,"Alvin Jones, 2001"
2001,SAS,Bryan Bracey,Oregon,2,57,"Bryan Bracey, 2001"
2002,HOU,Yao Ming,No US College,1,1,"Yao Ming, 2002"
2002,CHI,Jay Williams,Duke,1,2,"Jay Williams, 2002"
2002,GSW,Mike Dunleavy,Duke,1,3,"Mike Dunleavy, 2002"
2002,MEM,Drew Gooden,Kansas,1,4,"Drew Gooden, 2002"
2002,DEN,Nikoloz Tskitishvili,No US College,1,5,"Nikoloz Tskitishvili, 2002"
2002,CLE,Dajuan Wagner,Memphis,1,6,"Dajuan Wagner, 2002"
2002,NYK,Nenê,No US College,1,7,"Nenê, 2002"
2002,LAC,Chris Wilcox,Maryland,1,8,"Chris Wilcox, 2002"
2002,PHO,Amar'e Stoudemire,No US College,1,9,"Amar'e Stoudemire, 2002"
2002,MIA,Caron Butler,UConn,1,10,"Caron Butler, 2002"
2002,WAS,Jared Jeffries,Indiana,1,11,"Jared Jeffries, 2002"
2002,LAC,Melvin Ely,Fresno State,1,12,"Melvin Ely, 2002"
2002,MIL,Marcus Haislip,Tennessee,1,13,"Marcus Haislip, 2002"
2002,IND,Fred Jones,Oregon,1,14,"Fred Jones, 2002"
2002,HOU,Boštjan Nachbar,No US College,1,15,"Boštjan Nachbar, 2002"
2002,PHI,Jiří Welsch,No US College,1,16,"Jiří Welsch, 2002"
2002,WAS,Juan Dixon,Maryland,1,17,"Juan Dixon, 2002"
2002,ORL,Curtis Borchardt,Stanford,1,18,"Curtis Borchardt, 2002"
2002,UTA,Ryan Humphrey,Notre Dame,1,19,"Ryan Humphrey, 2002"
2002,TOR,Kareem Rush,Missouri,1,20,"Kareem Rush, 2002"
2002,POR,Qyntel Woods,Northeast Mississippi Community College,1,21,"Qyntel Woods, 2002"
2002,PHO,Casey Jacobsen,Stanford,1,22,"Casey Jacobsen, 2002"
2002,DET,Tayshaun Prince,Kentucky,1,23,"Tayshaun Prince, 2002"
2002,NJN,Nenad Krstić,No US College,1,24,"Nenad Krstić, 2002"
2002,DEN,Frank Williams,Illinois,1,25,"Frank Williams, 2002"
2002,SAS,John Salmons,Miami (FL),1,26,"John Salmons, 2002"
2002,LAL,Chris Jefferies,Fresno State,1,27,"Chris Jefferies, 2002"
2002,SAC,Dan Dickau,Gonzaga,1,28,"Dan Dickau, 2002"
2002,GSW,Steve Logan,Cincinnati,2,29,"Steve Logan, 2002"
2002,CHI,Roger Mason,Virginia,2,30,"Roger Mason, 2002"
2002,MEM,Robert Archibald,Illinois,2,31,"Robert Archibald, 2002"
2002,DEN,Vincent Yarbrough,Tennessee,2,32,"Vincent Yarbrough, 2002"
2002,MIL,Dan Gadzuric,UCLA,2,33,"Dan Gadzuric, 2002"
2002,CLE,Carlos Boozer,Duke,2,34,"Carlos Boozer, 2002"
2002,NYK,Milos Vujanic,No US College,2,35,"Milos Vujanic, 2002"
2002,ATL,David Andersen,No US College,2,36,"David Andersen, 2002"
2002,HOU,Tito Maddox,Fresno State,2,37,"Tito Maddox, 2002"
2002,WAS,Rod Grizzard,Alabama,2,38,"Rod Grizzard, 2002"
2002,WAS,Juan Carlos Navarro,No US College,2,39,"Juan Carlos Navarro, 2002"
2002,LAC,Mario Kasun,No US College,2,40,"Mario Kasun, 2002"
2002,MIL,Ronald Murray,Shaw,2,41,"Ronald Murray, 2002"
2002,POR,Jason Jennings,Arkansas State University,2,42,"Jason Jennings, 2002"
2002,CHI,Lonny Baxter,Maryland,2,43,"Lonny Baxter, 2002"
2002,PHI,Sam Clancy,USC,2,44,"Sam Clancy, 2002"
2002,MEM,Matt Barnes,UCLA,2,45,"Matt Barnes, 2002"
2002,UTA,Jamal Sampson,California,2,46,"Jamal Sampson, 2002"
2002,MIL,Chris Owens,Texas,2,47,"Chris Owens, 2002"
2002,SEA,Peter Fehse,No US College,2,48,"Peter Fehse, 2002"
2002,BOS,Darius Songaila,Wake Forest,2,49,"Darius Songaila, 2002"
2002,POR,Federico Kammerichs,No US College,2,50,"Federico Kammerichs, 2002"
2002,MIN,Marcus Taylor,Michigan State,2,51,"Marcus Taylor, 2002"
2002,MIA,Rasual Butler,La Salle,2,52,"Rasual Butler, 2002"
2002,NJN,Tamar Slay,Marshall,2,53,"Tamar Slay, 2002"
2002,DAL,Mladen Sekularac,No US College,2,54,"Mladen Sekularac, 2002"
2002,SAS,Luis Scola,No US College,2,55,"Luis Scola, 2002"
2002,SAS,Randy Holcomb,San Diego State,2,56,"Randy Holcomb, 2002"
2002,SAC,Corsley Edwards,Central Connecticut State University,2,57,"Corsley Edwards, 2002"
2003,CLE,LeBron James,No US College,1,1,"LeBron James, 2003"
2003,DET,Darko Miličić,No US College,1,2,"Darko Miličić, 2003"
2003,DEN,Carmelo Anthony,Syracuse,1,3,"Carmelo Anthony, 2003"
2003,TOR,Chris Bosh,Georgia Tech,1,4,"Chris Bosh, 2003"
2003,MIA,Dwyane Wade,Marquette,1,5,"Dwyane Wade, 2003"
2003,LAC,Chris Kaman,Central Michigan University,1,6,"Chris Kaman, 2003"
2003,CHI,Kirk Hinrich,Kansas,1,7,"Kirk Hinrich, 2003"
2003,MIL,T.J. Ford,Texas,1,8,"T.J. Ford, 2003"
2003,NYK,Mike Sweetney,Georgetown,1,9,"Mike Sweetney, 2003"
2003,WAS,Jarvis Hayes,Georgia,1,10,"Jarvis Hayes, 2003"
2003,GSW,Mickaël Piétrus,No US College,1,11,"Mickaël Piétrus, 2003"
2003,SEA,Nick Collison,Kansas,1,12,"Nick Collison, 2003"
2003,MEM,Marcus Banks,UNLV,1,13,"Marcus Banks, 2003"
2003,SEA,Luke Ridnour,Oregon,1,14,"Luke Ridnour, 2003"
2003,ORL,Reece Gaines,Louisville,1,15,"Reece Gaines, 2003"
2003,BOS,Troy Bell,Boston College,1,16,"Troy Bell, 2003"
2003,PHO,Žarko Čabarkapa,No US College,1,17,"Žarko Čabarkapa, 2003"
2003,NOH,David West,Xavier,1,18,"David West, 2003"
2003,UTA,Sasha Pavlović,No US College,1,19,"Sasha Pavlović, 2003"
2003,BOS,Dahntay Jones,Duke,1,20,"Dahntay Jones, 2003"
2003,ATL,Boris Diaw,No US College,1,21,"Boris Diaw, 2003"
2003,NJN,Zoran Planinić,No US College,1,22,"Zoran Planinić, 2003"
2003,POR,Travis Outlaw,No US College,1,23,"Travis Outlaw, 2003"
2003,LAL,Brian Cook,Illinois,1,24,"Brian Cook, 2003"
2003,DET,Carlos Delfino,No US College,1,25,"Carlos Delfino, 2003"
2003,MIN,Ndudi Ebi,No US College,1,26,"Ndudi Ebi, 2003"
2003,MEM,Kendrick Perkins,No US College,1,27,"Kendrick Perkins, 2003"
2003,SAS,Leandro Barbosa,No US College,1,28,"Leandro Barbosa, 2003"
2003,DAL,Josh Howard,Wake Forest,1,29,"Josh Howard, 2003"
2003,NYK,Maciej Lampe,No US College,2,30,"Maciej Lampe, 2003"
2003,CLE,Jason Kapono,UCLA,2,31,"Jason Kapono, 2003"
2003,LAL,Luke Walton,Arizona,2,32,"Luke Walton, 2003"
2003,MIA,Jerome Beasley,University of North Dakota,2,33,"Jerome Beasley, 2003"
2003,LAC,Sofoklis Schortsanitis,No US College,2,34,"Sofoklis Schortsanitis, 2003"
2003,MIL,Szymon Szewczyk,No US College,2,35,"Szymon Szewczyk, 2003"
2003,CHI,Mario Austin,Mississippi State,2,36,"Mario Austin, 2003"
2003,ATL,Travis Hansen,BYU,2,37,"Travis Hansen, 2003"
2003,WAS,Steve Blake,Maryland,2,38,"Steve Blake, 2003"
2003,NYK,Slavko Vraneš,No US College,2,39,"Slavko Vraneš, 2003"
2003,GSW,Derrick Zimmerman,Mississippi State,2,40,"Derrick Zimmerman, 2003"
2003,SEA,Willie Green,Detroit Mercy,2,41,"Willie Green, 2003"
2003,ORL,Zaza Pachulia,No US College,2,42,"Zaza Pachulia, 2003"
2003,MIL,Keith Bogans,Kentucky,2,43,"Keith Bogans, 2003"
2003,HOU,Malick Badiane,No US College,2,44,"Malick Badiane, 2003"
2003,CHI,Matt Bonner,Florida,2,45,"Matt Bonner, 2003"
2003,DEN,Sani Bečirovič,No US College,2,46,"Sani Bečirovič, 2003"
2003,UTA,Mo Williams,Alabama,2,47,"Mo Williams, 2003"
2003,NOH,James Lang,No US College,2,48,"James Lang, 2003"
2003,IND,James Jones,Miami (FL),2,49,"James Jones, 2003"
2003,PHI,Paccelis Morlende,No US College,2,50,"Paccelis Morlende, 2003"
2003,NJN,Kyle Korver,Creighton,2,51,"Kyle Korver, 2003"
2003,TOR,Remon Van de Hare,No US College,2,52,"Remon Van de Hare, 2003"
2003,CHI,Tommy Smith,Arizona State,2,53,"Tommy Smith, 2003"
2003,POR,Nedžad Sinanović,No US College,2,54,"Nedžad Sinanović, 2003"
2003,MIN,Rick Rickert,Minnesota,2,55,"Rick Rickert, 2003"
2003,BOS,Brandon Hunter,Ohio University,2,56,"Brandon Hunter, 2003"
2003,DAL,Xue Yuyang,No US College,2,57,"Xue Yuyang, 2003"
2003,DET,Andreas Glyniadakis,No US College,2,58,"Andreas Glyniadakis, 2003"
2004,ORL,Dwight Howard,No US College,1,1,"Dwight Howard, 2004"
2004,CHA,Emeka Okafor,UConn,1,2,"Emeka Okafor, 2004"
2004,CHI,Ben Gordon,UConn,1,3,"Ben Gordon, 2004"
2004,LAC,Shaun Livingston,No US College,1,4,"Shaun Livingston, 2004"
2004,WAS,Devin Harris,Wisconsin,1,5,"Devin Harris, 2004"
2004,ATL,Josh Childress,Stanford,1,6,"Josh Childress, 2004"
2004,PHO,Luol Deng,Duke,1,7,"Luol Deng, 2004"
2004,TOR,Rafael Araújo,BYU,1,8,"Rafael Araújo, 2004"
2004,PHI,Andre Iguodala,Arizona,1,9,"Andre Iguodala, 2004"
2004,CLE,Luke Jackson,Oregon,1,10,"Luke Jackson, 2004"
2004,GSW,Andris Biedriņš,No US College,1,11,"Andris Biedriņš, 2004"
2004,SEA,Robert Swift,No US College,1,12,"Robert Swift, 2004"
2004,POR,Sebastian Telfair,No US College,1,13,"Sebastian Telfair, 2004"
2004,UTA,Kris Humphries,Minnesota,1,14,"Kris Humphries, 2004"
2004,BOS,Al Jefferson,No US College,1,15,"Al Jefferson, 2004"
2004,UTA,Kirk Snyder,Nevada,1,16,"Kirk Snyder, 2004"
2004,ATL,Josh Smith,No US College,1,17,"Josh Smith, 2004"
2004,NOH,J.R. Smith,No US College,1,18,"J.R. Smith, 2004"
2004,MIA,Dorell Wright,No US College,1,19,"Dorell Wright, 2004"
2004,DEN,Jameer Nelson,Saint Joseph's,1,20,"Jameer Nelson, 2004"
2004,UTA,Pavel Podkolzin,No US College,1,21,"Pavel Podkolzin, 2004"
2004,NJN,Viktor Khryapa,No US College,1,22,"Viktor Khryapa, 2004"
2004,POR,Sergei Monia,No US College,1,23,"Sergei Monia, 2004"
2004,BOS,Delonte West,Saint Joseph's,1,24,"Delonte West, 2004"
2004,BOS,Tony Allen,Oklahoma State,1,25,"Tony Allen, 2004"
2004,SAC,Kevin Martin,Western Carolina,1,26,"Kevin Martin, 2004"
2004,LAL,Sasha Vujačić,No US College,1,27,"Sasha Vujačić, 2004"
2004,SAS,Beno Udrih,No US College,1,28,"Beno Udrih, 2004"
2004,IND,David Harrison,Colorado,1,29,"David Harrison, 2004"
2004,ORL,Anderson Varejão,No US College,2,30,"Anderson Varejão, 2004"
2004,CHI,Jackson Vroman,Iowa State,2,31,"Jackson Vroman, 2004"
2004,WAS,Peter John Ramos,No US College,2,32,"Peter John Ramos, 2004"
2004,LAC,Lionel Chalmers,Xavier,2,33,"Lionel Chalmers, 2004"
2004,ATL,Donta Smith,Southeastern Illinois College,2,34,"Donta Smith, 2004"
2004,SEA,Andre Emmett,Texas Tech,2,35,"Andre Emmett, 2004"
2004,ORL,Antonio Burks,Memphis,2,36,"Antonio Burks, 2004"
2004,ATL,Royal Ivey,Texas,2,37,"Royal Ivey, 2004"
2004,CHI,Chris Duhon,Duke,2,38,"Chris Duhon, 2004"
2004,TOR,Albert Miralles,No US College,2,39,"Albert Miralles, 2004"
2004,BOS,Justin Reed,Ole Miss,2,40,"Justin Reed, 2004"
2004,SEA,David Young,NC Central,2,41,"David Young, 2004"
2004,ATL,Viktor Sanikidze,No US College,2,42,"Viktor Sanikidze, 2004"
2004,NYK,Trevor Ariza,UCLA,2,43,"Trevor Ariza, 2004"
2004,NOH,Tim Pickett,Florida State,2,44,"Tim Pickett, 2004"
2004,CHA,Bernard Robinson,Michigan,2,45,"Bernard Robinson, 2004"
2004,POR,Ha Seung-Jin,No US College,2,46,"Ha Seung-Jin, 2004"
2004,MIA,Pape Sow,Cal State Fullerton,2,47,"Pape Sow, 2004"
2004,SAC,Ricky Minard,Morehead State University,2,48,"Ricky Minard, 2004"
2004,MEM,Sergei Lishouk,No US College,2,49,"Sergei Lishouk, 2004"
2004,DAL,Vassilis Spanoulis,No US College,2,50,"Vassilis Spanoulis, 2004"
2004,NJN,Christian Drejer,Florida,2,51,"Christian Drejer, 2004"
2004,SAS,Romain Sato,Xavier,2,52,"Romain Sato, 2004"
2004,MIA,Matt Freije,Vanderbilt,2,53,"Matt Freije, 2004"
2004,DET,Rickey Paulding,Missouri,2,54,"Rickey Paulding, 2004"
2004,HOU,Luis Flores,Manhattan College,2,55,"Luis Flores, 2004"
2004,LAL,Marcus Douthit,Providence,2,56,"Marcus Douthit, 2004"
2004,SAS,Sergei Karaulov,No US College,2,57,"Sergei Karaulov, 2004"
2004,MIN,Blake Stepp,Gonzaga,2,58,"Blake Stepp, 2004"
2004,IND,Rashad Wright,Georgia,2,59,"Rashad Wright, 2004"
2005,MIL,Andrew Bogut,Utah,1,1,"Andrew Bogut, 2005"
2005,ATL,Marvin Williams,UNC,1,2,"Marvin Williams, 2005"
2005,UTA,Deron Williams,Illinois,1,3,"Deron Williams, 2005"
2005,NOH,Chris Paul,Wake Forest,1,4,"Chris Paul, 2005"
2005,CHA,Raymond Felton,UNC,1,5,"Raymond Felton, 2005"
2005,POR,Martell Webster,No US College,1,6,"Martell Webster, 2005"
2005,TOR,Charlie Villanueva,UConn,1,7,"Charlie Villanueva, 2005"
2005,NYK,Channing Frye,Arizona,1,8,"Channing Frye, 2005"
2005,GSW,Ike Diogu,Arizona State,1,9,"Ike Diogu, 2005"
2005,LAL,Andrew Bynum,No US College,1,10,"Andrew Bynum, 2005"
2005,ORL,Fran Vázquez,No US College,1,11,"Fran Vázquez, 2005"
2005,LAC,Yaroslav Korolev,No US College,1,12,"Yaroslav Korolev, 2005"
2005,CHA,Sean May,UNC,1,13,"Sean May, 2005"
2005,MIN,Rashad McCants,UNC,1,14,"Rashad McCants, 2005"
2005,NJN,Antoine Wright,Texas A&M,1,15,"Antoine Wright, 2005"
2005,TOR,Joey Graham,Oklahoma State,1,16,"Joey Graham, 2005"
2005,IND,Danny Granger,New Mexico,1,17,"Danny Granger, 2005"
2005,BOS,Gerald Green,No US College,1,18,"Gerald Green, 2005"
2005,MEM,Hakim Warrick,Syracuse,1,19,"Hakim Warrick, 2005"
2005,DEN,Julius Hodge,NC State,1,20,"Julius Hodge, 2005"
2005,PHO,Nate Robinson,Washington,1,21,"Nate Robinson, 2005"
2005,DEN,Jarrett Jack,Georgia Tech,1,22,"Jarrett Jack, 2005"
2005,SAC,Francisco García,Louisville,1,23,"Francisco García, 2005"
2005,HOU,Luther Head,Illinois,1,24,"Luther Head, 2005"
2005,SEA,Johan Petro,No US College,1,25,"Johan Petro, 2005"
2005,DET,Jason Maxiell,Cincinnati,1,26,"Jason Maxiell, 2005"
2005,POR,Linas Kleiza,Missouri,1,27,"Linas Kleiza, 2005"
2005,SAS,Ian Mahinmi,No US College,1,28,"Ian Mahinmi, 2005"
2005,MIA,Wayne Simien,Kansas,1,29,"Wayne Simien, 2005"
2005,NYK,David Lee,Florida,1,30,"David Lee, 2005"
2005,ATL,Salim Stoudamire,Arizona,2,31,"Salim Stoudamire, 2005"
2005,LAC,Daniel Ewing,Duke,2,32,"Daniel Ewing, 2005"
2005,NOH,Brandon Bass,LSU,2,33,"Brandon Bass, 2005"
2005,UTA,C.J. Miles,No US College,2,34,"C.J. Miles, 2005"
2005,POR,Ricky Sánchez,No US College,2,35,"Ricky Sánchez, 2005"
2005,MIL,Ersan İlyasova,No US College,2,36,"Ersan İlyasova, 2005"
2005,LAL,Ronny Turiaf,Gonzaga,2,37,"Ronny Turiaf, 2005"
2005,ORL,Travis Diener,Marquette,2,38,"Travis Diener, 2005"
2005,LAL,Von Wafer,Florida State,2,39,"Von Wafer, 2005"
2005,GSW,Monta Ellis,No US College,2,40,"Monta Ellis, 2005"
2005,TOR,Roko Ukić,No US College,2,41,"Roko Ukić, 2005"
2005,GSW,Chris Taft,Pitt,2,42,"Chris Taft, 2005"
2005,NJN,Mile Ilić,No US College,2,43,"Mile Ilić, 2005"
2005,ORL,Martynas Andriuškevičius,No US College,2,44,"Martynas Andriuškevičius, 2005"
2005,PHI,Lou Williams,No US College,2,45,"Lou Williams, 2005"
2005,IND,Erazem Lorbek,No US College,2,46,"Erazem Lorbek, 2005"
2005,MIN,Bracey Wright,Indiana,2,47,"Bracey Wright, 2005"
2005,SEA,Mickaël Gelabale,No US College,2,48,"Mickaël Gelabale, 2005"
2005,WAS,Andray Blatche,No US College,2,49,"Andray Blatche, 2005"
2005,BOS,Ryan Gomes,Providence,2,50,"Ryan Gomes, 2005"
2005,UTA,Robert Whaley,Walsh University,2,51,"Robert Whaley, 2005"
2005,DEN,Axel Hervelle,No US College,2,52,"Axel Hervelle, 2005"
2005,BOS,Orien Greene,Louisiana,2,53,"Orien Greene, 2005"
2005,NYK,Dijon Thompson,UCLA,2,54,"Dijon Thompson, 2005"
2005,SEA,Lawrence Roberts,Mississippi State,2,55,"Lawrence Roberts, 2005"
2005,DET,Amir Johnson,No US College,2,56,"Amir Johnson, 2005"
2005,PHO,Marcin Gortat,No US College,2,57,"Marcin Gortat, 2005"
2005,TOR,Uroš Slokar,No US College,2,58,"Uroš Slokar, 2005"
2005,ATL,Cenk Akyol,No US College,2,59,"Cenk Akyol, 2005"
2005,DET,Alex Acker,Pepperdine,2,60,"Alex Acker, 2005"
2006,TOR,Andrea Bargnani,No US College,1,1,"Andrea Bargnani, 2006"
2006,CHI,LaMarcus Aldridge,Texas,1,2,"LaMarcus Aldridge, 2006"
2006,CHA,Adam Morrison,Gonzaga,1,3,"Adam Morrison, 2006"
2006,POR,Tyrus Thomas,LSU,1,4,"Tyrus Thomas, 2006"
2006,ATL,Shelden Williams,Duke,1,5,"Shelden Williams, 2006"
2006,MIN,Brandon Roy,Washington,1,6,"Brandon Roy, 2006"
2006,BOS,Randy Foye,Villanova,1,7,"Randy Foye, 2006"
2006,HOU,Rudy Gay,UConn,1,8,"Rudy Gay, 2006"
2006,GSW,Patrick O'Bryant,Bradley,1,9,"Patrick O'Bryant, 2006"
2006,SEA,Mouhamed Sene,No US College,1,10,"Mouhamed Sene, 2006"
2006,ORL,J.J. Redick,Duke,1,11,"J.J. Redick, 2006"
2006,NOK,Hilton Armstrong,UConn,1,12,"Hilton Armstrong, 2006"
2006,PHI,Thabo Sefolosha,No US College,1,13,"Thabo Sefolosha, 2006"
2006,UTA,Ronnie Brewer,Arkansas,1,14,"Ronnie Brewer, 2006"
2006,NOK,Cedric Simmons,NC State,1,15,"Cedric Simmons, 2006"
2006,CHI,Rodney Carney,Memphis,1,16,"Rodney Carney, 2006"
2006,IND,Shawne Williams,Memphis,1,17,"Shawne Williams, 2006"
2006,WAS,Oleksiy Pecherov,No US College,1,18,"Oleksiy Pecherov, 2006"
2006,SAC,Quincy Douby,Rutgers University,1,19,"Quincy Douby, 2006"
2006,NYK,Renaldo Balkman,South Carolina,1,20,"Renaldo Balkman, 2006"
2006,PHO,Rajon Rondo,Kentucky,1,21,"Rajon Rondo, 2006"
2006,NJN,Marcus Williams,UConn,1,22,"Marcus Williams, 2006"
2006,NJN,Josh Boone,UConn,1,23,"Josh Boone, 2006"
2006,MEM,Kyle Lowry,Villanova,1,24,"Kyle Lowry, 2006"
2006,CLE,Shannon Brown,Michigan State,1,25,"Shannon Brown, 2006"
2006,LAL,Jordan Farmar,UCLA,1,26,"Jordan Farmar, 2006"
2006,PHO,Sergio Rodríguez,No US College,1,27,"Sergio Rodríguez, 2006"
2006,DAL,Maurice Ager,Michigan State,1,28,"Maurice Ager, 2006"
2006,NYK,Mardy Collins,Temple,1,29,"Mardy Collins, 2006"
2006,POR,Joel Freeland,No US College,1,30,"Joel Freeland, 2006"
2006,POR,James White,Cincinnati,2,31,"James White, 2006"
2006,HOU,Steve Novak,Marquette,2,32,"Steve Novak, 2006"
2006,ATL,Solomon Jones,South Florida,2,33,"Solomon Jones, 2006"
2006,LAC,Paul Davis,Michigan State,2,34,"Paul Davis, 2006"
2006,TOR,P.J. Tucker,Texas,2,35,"P.J. Tucker, 2006"
2006,MIN,Craig Smith,Boston College,2,36,"Craig Smith, 2006"
2006,MIN,Bobby Jones,Washington,2,37,"Bobby Jones, 2006"
2006,GSW,Kosta Perović,No US College,2,38,"Kosta Perović, 2006"
2006,MIL,David Noel,UNC,2,39,"David Noel, 2006"
2006,SEA,Denham Brown,UConn,2,40,"Denham Brown, 2006"
2006,ORL,James Augustine,Illinois,2,41,"James Augustine, 2006"
2006,CLE,Daniel Gibson,Texas,2,42,"Daniel Gibson, 2006"
2006,NOK,Marcus Vinicius,No US College,2,43,"Marcus Vinicius, 2006"
2006,ORL,Lior Eliyahu,No US College,2,44,"Lior Eliyahu, 2006"
2006,IND,Alexander Johnson,Florida State,2,45,"Alexander Johnson, 2006"
2006,UTA,Dee Brown,Illinois,2,46,"Dee Brown, 2006"
2006,UTA,Paul Millsap,Louisiana Tech,2,47,"Paul Millsap, 2006"
2006,WAS,Vladimir Veremeenko,No US College,2,48,"Vladimir Veremeenko, 2006"
2006,DEN,Leon Powe,California,2,49,"Leon Powe, 2006"
2006,CHA,Ryan Hollins,UCLA,2,50,"Ryan Hollins, 2006"
2006,LAL,Cheikh Samb,No US College,2,51,"Cheikh Samb, 2006"
2006,LAC,Guillermo Díaz,Miami (FL),2,52,"Guillermo Díaz, 2006"
2006,SEA,Yotam Halperin,No US College,2,53,"Yotam Halperin, 2006"
2006,NJN,Hassan Adams,Arizona,2,54,"Hassan Adams, 2006"
2006,CLE,Ejike Ugboaja,No US College,2,55,"Ejike Ugboaja, 2006"
2006,TOR,Edin Bavčić,No US College,2,56,"Edin Bavčić, 2006"
2006,MIN,Loukas Mavrokefalidis,No US College,2,57,"Loukas Mavrokefalidis, 2006"
2006,DAL,J.R. Pinnock,George Washington,2,58,"J.R. Pinnock, 2006"
2006,SAS,Damir Markota,No US College,2,59,"Damir Markota, 2006"
2006,DET,Will Blalock,Iowa State,2,60,"Will Blalock, 2006"
2007,POR,Greg Oden,Ohio State,1,1,"Greg Oden, 2007"
2007,SEA,Kevin Durant,Texas,1,2,"Kevin Durant, 2007"
2007,ATL,Al Horford,Florida,1,3,"Al Horford, 2007"
2007,MEM,Mike Conley,Ohio State,1,4,"Mike Conley, 2007"
2007,BOS,Jeff Green,Georgetown,1,5,"Jeff Green, 2007"
2007,MIL,Yi Jianlian,No US College,1,6,"Yi Jianlian, 2007"
2007,MIN,Corey Brewer,Florida,1,7,"Corey Brewer, 2007"
2007,CHA,Brandan Wright,UNC,1,8,"Brandan Wright, 2007"
2007,CHI,Joakim Noah,Florida,1,9,"Joakim Noah, 2007"
2007,SAC,Spencer Hawes,Washington,1,10,"Spencer Hawes, 2007"
2007,ATL,Acie Law,Texas A&M,1,11,"Acie Law, 2007"
2007,PHI,Thaddeus Young,Georgia Tech,1,12,"Thaddeus Young, 2007"
2007,NOK,Julian Wright,Kansas,1,13,"Julian Wright, 2007"
2007,LAC,Al Thornton,Florida State,1,14,"Al Thornton, 2007"
2007,DET,Rodney Stuckey,Eastern Washington,1,15,"Rodney Stuckey, 2007"
2007,WAS,Nick Young,USC,1,16,"Nick Young, 2007"
2007,NJN,Sean Williams,Boston College,1,17,"Sean Williams, 2007"
2007,GSW,Marco Belinelli,No US College,1,18,"Marco Belinelli, 2007"
2007,LAL,Javaris Crittenton,Georgia Tech,1,19,"Javaris Crittenton, 2007"
2007,MIA,Jason Smith,Colorado State,1,20,"Jason Smith, 2007"
2007,PHI,Daequan Cook,Ohio State,1,21,"Daequan Cook, 2007"
2007,CHA,Jared Dudley,Boston College,1,22,"Jared Dudley, 2007"
2007,NYK,Wilson Chandler,DePaul,1,23,"Wilson Chandler, 2007"
2007,PHO,Rudy Fernández,No US College,1,24,"Rudy Fernández, 2007"
2007,UTA,Morris Almond,Rice University,1,25,"Morris Almond, 2007"
2007,HOU,Aaron Brooks,Oregon,1,26,"Aaron Brooks, 2007"
2007,DET,Arron Afflalo,UCLA,1,27,"Arron Afflalo, 2007"
2007,SAS,Tiago Splitter,No US College,1,28,"Tiago Splitter, 2007"
2007,PHO,Alando Tucker,Wisconsin,1,29,"Alando Tucker, 2007"
2007,PHI,Petteri Koponen,No US College,1,30,"Petteri Koponen, 2007"
2007,SEA,Carl Landry,Purdue,2,31,"Carl Landry, 2007"
2007,BOS,Gabe Pruitt,USC,2,32,"Gabe Pruitt, 2007"
2007,SAS,Marcus Williams,Arizona,2,33,"Marcus Williams, 2007"
2007,DAL,Nick Fazekas,Nevada,2,34,"Nick Fazekas, 2007"
2007,SEA,Glen Davis,LSU,2,35,"Glen Davis, 2007"
2007,GSW,Jermareo Davidson,Alabama,2,36,"Jermareo Davidson, 2007"
2007,POR,Josh McRoberts,Duke,2,37,"Josh McRoberts, 2007"
2007,PHI,Kyrylo Fesenko,No US College,2,38,"Kyrylo Fesenko, 2007"
2007,MIA,Stanko Barać,No US College,2,39,"Stanko Barać, 2007"
2007,LAL,Sun Yue,No US College,2,40,"Sun Yue, 2007"
2007,MIN,Chris Richard,Florida,2,41,"Chris Richard, 2007"
2007,POR,Derrick Byars,Vanderbilt,2,42,"Derrick Byars, 2007"
2007,NOK,Adam Haluska,Iowa,2,43,"Adam Haluska, 2007"
2007,ORL,Reyshawn Terry,UNC,2,44,"Reyshawn Terry, 2007"
2007,LAC,Jared Jordan,Marist College,2,45,"Jared Jordan, 2007"
2007,GSW,Stéphane Lasme,UMass,2,46,"Stéphane Lasme, 2007"
2007,WAS,Dominic McGuire,Fresno State,2,47,"Dominic McGuire, 2007"
2007,LAL,Marc Gasol,No US College,2,48,"Marc Gasol, 2007"
2007,CHI,Aaron Gray,Pitt,2,49,"Aaron Gray, 2007"
2007,DAL,Renaldas Seibutis,No US College,2,50,"Renaldas Seibutis, 2007"
2007,CHI,JamesOn Curry,Oklahoma State,2,51,"JamesOn Curry, 2007"
2007,POR,Taurean Green,Florida,2,52,"Taurean Green, 2007"
2007,POR,Demetris Nichols,Syracuse,2,53,"Demetris Nichols, 2007"
2007,HOU,Brad Newley,No US College,2,54,"Brad Newley, 2007"
2007,UTA,Herbert Hill,Providence,2,55,"Herbert Hill, 2007"
2007,MIL,Ramon Sessions,Nevada,2,56,"Ramon Sessions, 2007"
2007,DET,Sammy Mejia,DePaul,2,57,"Sammy Mejia, 2007"
2007,SAS,Georgios Printezis,No US College,2,58,"Georgios Printezis, 2007"
2007,PHO,D.J. Strawberry,Maryland,2,59,"D.J. Strawberry, 2007"
2007,DAL,Milovan Raković,No US College,2,60,"Milovan Raković, 2007"
2008,CHI,Derrick Rose,Memphis,1,1,"Derrick Rose, 2008"
2008,MIA,Michael Beasley,Kansas State,1,2,"Michael Beasley, 2008"
2008,MIN,O.J. Mayo,USC,1,3,"O.J. Mayo, 2008"
2008,SEA,Russell Westbrook,UCLA,1,4,"Russell Westbrook, 2008"
2008,MEM,Kevin Love,UCLA,1,5,"Kevin Love, 2008"
2008,NYK,Danilo Gallinari,No US College,1,6,"Danilo Gallinari, 2008"
2008,LAC,Eric Gordon,Indiana,1,7,"Eric Gordon, 2008"
2008,MIL,Joe Alexander,West Virginia,1,8,"Joe Alexander, 2008"
2008,CHA,D.J. Augustin,Texas,1,9,"D.J. Augustin, 2008"
2008,NJN,Brook Lopez,Stanford,1,10,"Brook Lopez, 2008"
2008,IND,Jerryd Bayless,Arizona,1,11,"Jerryd Bayless, 2008"
2008,SAC,Jason Thompson,Rider University,1,12,"Jason Thompson, 2008"
2008,POR,Brandon Rush,Kansas,1,13,"Brandon Rush, 2008"
2008,GSW,Anthony Randolph,LSU,1,14,"Anthony Randolph, 2008"
2008,PHO,Robin Lopez,Stanford,1,15,"Robin Lopez, 2008"
2008,PHI,Marreese Speights,Florida,1,16,"Marreese Speights, 2008"
2008,TOR,Roy Hibbert,Georgetown,1,17,"Roy Hibbert, 2008"
2008,WAS,JaVale McGee,Nevada,1,18,"JaVale McGee, 2008"
2008,CLE,J.J. Hickson,NC State,1,19,"J.J. Hickson, 2008"
2008,CHA,Alexis Ajinça,No US College,1,20,"Alexis Ajinça, 2008"
2008,NJN,Ryan Anderson,California,1,21,"Ryan Anderson, 2008"
2008,ORL,Courtney Lee,Western Kentucky,1,22,"Courtney Lee, 2008"
2008,UTA,Kosta Koufos,Ohio State,1,23,"Kosta Koufos, 2008"
2008,SEA,Serge Ibaka,No US College,1,24,"Serge Ibaka, 2008"
2008,HOU,Nicolas Batum,No US College,1,25,"Nicolas Batum, 2008"
2008,SAS,George Hill,IUPUI,1,26,"George Hill, 2008"
2008,NOH,Darrell Arthur,Kansas,1,27,"Darrell Arthur, 2008"
2008,MEM,Donté Greene,Syracuse,1,28,"Donté Greene, 2008"
2008,DET,D.J. White,Indiana,1,29,"D.J. White, 2008"
2008,BOS,J.R. Giddens,New Mexico,1,30,"J.R. Giddens, 2008"
2008,MIN,Nikola Peković,No US College,2,31,"Nikola Peković, 2008"
2008,SEA,Walter Sharpe,UAB,2,32,"Walter Sharpe, 2008"
2008,POR,Joey Dorsey,Memphis,2,33,"Joey Dorsey, 2008"
2008,MIN,Mario Chalmers,Kansas,2,34,"Mario Chalmers, 2008"
2008,LAC,DeAndre Jordan,Texas A&M,2,35,"DeAndre Jordan, 2008"
2008,POR,Ömer Aşık,No US College,2,36,"Ömer Aşık, 2008"
2008,MIL,Luc Mbah a Moute,UCLA,2,37,"Luc Mbah a Moute, 2008"
2008,CHA,Kyle Weaver,Washington State,2,38,"Kyle Weaver, 2008"
2008,CHI,Sonny Weems,Arkansas,2,39,"Sonny Weems, 2008"
2008,NJN,Chris Douglas-Roberts,Memphis,2,40,"Chris Douglas-Roberts, 2008"
2008,IND,Nathan Jawai,No US College,2,41,"Nathan Jawai, 2008"
2008,SAC,Sean Singletary,Virginia,2,42,"Sean Singletary, 2008"
2008,SAC,Patrick Ewing,Georgetown,2,43,"Patrick Ewing, 2008"
2008,UTA,Ante Tomić,No US College,2,44,"Ante Tomić, 2008"
2008,SAS,Goran Dragić,No US College,2,45,"Goran Dragić, 2008"
2008,SEA,Trent Plaisted,Brigham Young University Hawaii,2,46,"Trent Plaisted, 2008"
2008,WAS,Henry Walker,Kansas State,2,47,"Henry Walker, 2008"
2008,PHO,Malik Hairston,Oregon,2,48,"Malik Hairston, 2008"
2008,GSW,Richard Hendrix,Alabama,2,49,"Richard Hendrix, 2008"
2008,SEA,DeVon Hardin,California,2,50,"DeVon Hardin, 2008"
2008,DAL,Shan Foster,Vanderbilt,2,51,"Shan Foster, 2008"
2008,MIA,Darnell Jackson,Kansas,2,52,"Darnell Jackson, 2008"
2008,UTA,Tadija Dragićević,No US College,2,53,"Tadija Dragićević, 2008"
2008,HOU,Maarty Leunen,Oregon,2,54,"Maarty Leunen, 2008"
2008,POR,Mike Taylor,Iowa State,2,55,"Mike Taylor, 2008"
2008,SEA,Sasha Kaun,Kansas,2,56,"Sasha Kaun, 2008"
2008,SAS,James Gist,Maryland,2,57,"James Gist, 2008"
2008,LAL,Joe Crawford,Kentucky,2,58,"Joe Crawford, 2008"
2008,DET,Deron Washington,Virginia Tech,2,59,"Deron Washington, 2008"
2008,BOS,Semih Erden,No US College,2,60,"Semih Erden, 2008"
2009,LAC,Blake Griffin,Oklahoma,1,1,"Blake Griffin, 2009"
2009,MEM,Hasheem Thabeet,UConn,1,2,"Hasheem Thabeet, 2009"
2009,OKC,James Harden,Arizona State,1,3,"James Harden, 2009"
2009,SAC,Tyreke Evans,Memphis,1,4,"Tyreke Evans, 2009"
2009,MIN,Ricky Rubio,No US College,1,5,"Ricky Rubio, 2009"
2009,MIN,Jonny Flynn,Syracuse,1,6,"Jonny Flynn, 2009"
2009,GSW,Stephen Curry,Davidson,1,7,"Stephen Curry, 2009"
2009,NYK,Jordan Hill,Arizona,1,8,"Jordan Hill, 2009"
2009,TOR,DeMar DeRozan,USC,1,9,"DeMar DeRozan, 2009"
2009,MIL,Brandon Jennings,No US College,1,10,"Brandon Jennings, 2009"
2009,NJN,Terrence Williams,Louisville,1,11,"Terrence Williams, 2009"
2009,CHA,Gerald Henderson,Duke,1,12,"Gerald Henderson, 2009"
2009,IND,Tyler Hansbrough,UNC,1,13,"Tyler Hansbrough, 2009"
2009,PHO,Earl Clark,Louisville,1,14,"Earl Clark, 2009"
2009,DET,Austin Daye,Gonzaga,1,15,"Austin Daye, 2009"
2009,CHI,James Johnson,Wake Forest,1,16,"James Johnson, 2009"
2009,PHI,Jrue Holiday,UCLA,1,17,"Jrue Holiday, 2009"
2009,MIN,Ty Lawson,UNC,1,18,"Ty Lawson, 2009"
2009,ATL,Jeff Teague,Wake Forest,1,19,"Jeff Teague, 2009"
2009,UTA,Eric Maynor,VCU,1,20,"Eric Maynor, 2009"
2009,NOH,Darren Collison,UCLA,1,21,"Darren Collison, 2009"
2009,POR,Victor Claver,No US College,1,22,"Victor Claver, 2009"
2009,SAC,Omri Casspi,No US College,1,23,"Omri Casspi, 2009"
2009,DAL,Byron Mullens,Ohio State,1,24,"Byron Mullens, 2009"
2009,OKC,Rodrigue Beaubois,No US College,1,25,"Rodrigue Beaubois, 2009"
2009,CHI,Taj Gibson,USC,1,26,"Taj Gibson, 2009"
2009,MEM,DeMarre Carroll,Missouri,1,27,"DeMarre Carroll, 2009"
2009,MIN,Wayne Ellington,UNC,1,28,"Wayne Ellington, 2009"
2009,LAL,Toney Douglas,Florida State,1,29,"Toney Douglas, 2009"
2009,CLE,Christian Eyenga,No US College,1,30,"Christian Eyenga, 2009"
2009,SAC,Jeff Ayres,Arizona State,2,31,"Jeff Ayres, 2009"
2009,WAS,Jermaine Taylor,Central Florida,2,32,"Jermaine Taylor, 2009"
2009,POR,Dante Cunningham,Villanova,2,33,"Dante Cunningham, 2009"
2009,DEN,Sergio Llull,No US College,2,34,"Sergio Llull, 2009"
2009,DET,DaJuan Summers,Georgetown,2,35,"DaJuan Summers, 2009"
2009,MEM,Sam Young,Pitt,2,36,"Sam Young, 2009"
2009,SAS,DeJuan Blair,Pitt,2,37,"DeJuan Blair, 2009"
2009,POR,Jon Brockman,Washington,2,38,"Jon Brockman, 2009"
2009,DET,Jonas Jerebko,No US College,2,39,"Jonas Jerebko, 2009"
2009,CHA,Derrick Brown,Xavier,2,40,"Derrick Brown, 2009"
2009,MIL,Jodie Meeks,Kentucky,2,41,"Jodie Meeks, 2009"
2009,LAL,Patrick Beverley,Arkansas,2,42,"Patrick Beverley, 2009"
2009,MIA,Marcus Thornton,LSU,2,43,"Marcus Thornton, 2009"
2009,DET,Chase Budinger,Arizona,2,44,"Chase Budinger, 2009"
2009,MIN,Nick Calathes,Florida,2,45,"Nick Calathes, 2009"
2009,CLE,Danny Green,UNC,2,46,"Danny Green, 2009"
2009,MIN,Henk Norel,No US College,2,47,"Henk Norel, 2009"
2009,PHO,Taylor Griffin,Oklahoma,2,48,"Taylor Griffin, 2009"
2009,ATL,Sergiy Gladyr,No US College,2,49,"Sergiy Gladyr, 2009"
2009,UTA,Goran Suton,Michigan State,2,50,"Goran Suton, 2009"
2009,SAS,Jack McClinton,Miami (FL),2,51,"Jack McClinton, 2009"
2009,IND,A.J. Price,UConn,2,52,"A.J. Price, 2009"
2009,SAS,Nando De Colo,No US College,2,53,"Nando De Colo, 2009"
2009,CHA,Robert Vaden,UAB,2,54,"Robert Vaden, 2009"
2009,POR,Patty Mills,Saint Mary's,2,55,"Patty Mills, 2009"
2009,DAL,Ahmad Nivins,Saint Joseph's,2,56,"Ahmad Nivins, 2009"
2009,PHO,Emir Preldžić,No US College,2,57,"Emir Preldžić, 2009"
2009,BOS,Lester Hudson,University of Tennessee at Martin,2,58,"Lester Hudson, 2009"
2009,LAL,Chinemelu Elonu,Texas A&M,2,59,"Chinemelu Elonu, 2009"
2009,MIA,Robert Dozier,Memphis,2,60,"Robert Dozier, 2009"
2010,WAS,John Wall,Kentucky,1,1,"John Wall, 2010"
2010,PHI,Evan Turner,Ohio State,1,2,"Evan Turner, 2010"
2010,NJN,Derrick Favors,Georgia Tech,1,3,"Derrick Favors, 2010"
2010,MIN,Wesley Johnson,Syracuse,1,4,"Wesley Johnson, 2010"
2010,SAC,DeMarcus Cousins,Kentucky,1,5,"DeMarcus Cousins, 2010"
2010,GSW,Ekpe Udoh,Baylor,1,6,"Ekpe Udoh, 2010"
2010,DET,Greg Monroe,Georgetown,1,7,"Greg Monroe, 2010"
2010,LAC,Al-Farouq Aminu,Wake Forest,1,8,"Al-Farouq Aminu, 2010"
2010,UTA,Gordon Hayward,Butler,1,9,"Gordon Hayward, 2010"
2010,IND,Paul George,Fresno State,1,10,"Paul George, 2010"
2010,NOH,Cole Aldrich,Kansas,1,11,"Cole Aldrich, 2010"
2010,MEM,Xavier Henry,Kansas,1,12,"Xavier Henry, 2010"
2010,TOR,Ed Davis,UNC,1,13,"Ed Davis, 2010"
2010,HOU,Patrick Patterson,Kentucky,1,14,"Patrick Patterson, 2010"
2010,MIL,Larry Sanders,VCU,1,15,"Larry Sanders, 2010"
2010,MIN,Luke Babbitt,Nevada,1,16,"Luke Babbitt, 2010"
2010,CHI,Kevin Séraphin,No US College,1,17,"Kevin Séraphin, 2010"
2010,OKC,Eric Bledsoe,Kentucky,1,18,"Eric Bledsoe, 2010"
2010,BOS,Avery Bradley,Texas,1,19,"Avery Bradley, 2010"
2010,SAS,James Anderson,Oklahoma State,1,20,"James Anderson, 2010"
2010,OKC,Craig Brackins,Iowa State,1,21,"Craig Brackins, 2010"
2010,POR,Elliot Williams,Memphis,1,22,"Elliot Williams, 2010"
2010,MIN,Trevor Booker,Clemson,1,23,"Trevor Booker, 2010"
2010,ATL,Damion James,Texas,1,24,"Damion James, 2010"
2010,MEM,Dominique Jones,South Florida,1,25,"Dominique Jones, 2010"
2010,OKC,Quincy Pondexter,Washington,1,26,"Quincy Pondexter, 2010"
2010,NJN,Jordan Crawford,Xavier,1,27,"Jordan Crawford, 2010"
2010,MEM,Greivis Vásquez,Maryland,1,28,"Greivis Vásquez, 2010"
2010,ORL,Daniel Orton,Kentucky,1,29,"Daniel Orton, 2010"
2010,WAS,Lazar Hayward,Marquette,1,30,"Lazar Hayward, 2010"
2010,NJN,Tibor Pleiß,No US College,2,31,"Tibor Pleiß, 2010"
2010,MIA,Dexter Pittman,Texas,2,32,"Dexter Pittman, 2010"
2010,SAC,Hassan Whiteside,Marshall,2,33,"Hassan Whiteside, 2010"
2010,POR,Armon Johnson,Nevada,2,34,"Armon Johnson, 2010"
2010,WAS,Nemanja Bjelica,No US College,2,35,"Nemanja Bjelica, 2010"
2010,DET,Terrico White,Ole Miss,2,36,"Terrico White, 2010"
2010,MIL,Darington Hobson,New Mexico,2,37,"Darington Hobson, 2010"
2010,NYK,Andy Rautins,Syracuse,2,38,"Andy Rautins, 2010"
2010,NYK,Landry Fields,Stanford,2,39,"Landry Fields, 2010"
2010,IND,Lance Stephenson,Cincinnati,2,40,"Lance Stephenson, 2010"
2010,MIA,Jarvis Varnado,Mississippi State,2,41,"Jarvis Varnado, 2010"
2010,MIA,Da'Sean Butler,West Virginia,2,42,"Da'Sean Butler, 2010"
2010,LAL,Devin Ebanks,West Virginia,2,43,"Devin Ebanks, 2010"
2010,MIL,Jerome Jordan,Tulsa,2,44,"Jerome Jordan, 2010"
2010,MIN,Paulão Prestes,No US College,2,45,"Paulão Prestes, 2010"
2010,PHO,Gani Lawal,Georgia Tech,2,46,"Gani Lawal, 2010"
2010,MIL,Tiny Gallon,Oklahoma,2,47,"Tiny Gallon, 2010"
2010,MIA,Latavious Williams,No US College,2,48,"Latavious Williams, 2010"
2010,SAS,Ryan Richards,No US College,2,49,"Ryan Richards, 2010"
2010,DAL,Solomon Alabi,Florida State,2,50,"Solomon Alabi, 2010"
2010,OKC,Magnum Rolle,Louisiana Tech,2,51,"Magnum Rolle, 2010"
2010,BOS,Luke Harangody,Notre Dame,2,52,"Luke Harangody, 2010"
2010,ATL,Pape Sy,No US College,2,53,"Pape Sy, 2010"
2010,LAC,Willie Warren,Oklahoma,2,54,"Willie Warren, 2010"
2010,UTA,Jeremy Evans,Western Kentucky,2,55,"Jeremy Evans, 2010"
2010,MIN,Hamady N'Diaye,Rutgers University,2,56,"Hamady N'Diaye, 2010"
2010,IND,Ryan Reid,Florida State,2,57,"Ryan Reid, 2010"
2010,LAL,Derrick Caracter,Texas-El Paso,2,58,"Derrick Caracter, 2010"
2010,ORL,Stanley Robinson,UConn,2,59,"Stanley Robinson, 2010"
2010,PHO,Dwayne Collins,Miami (FL),2,60,"Dwayne Collins, 2010"
2011,CLE,Kyrie Irving,Duke,1,1,"Kyrie Irving, 2011"
2011,MIN,Derrick Williams,Arizona,1,2,"Derrick Williams, 2011"
2011,UTA,Enes Kanter,No US College,1,3,"Enes Kanter, 2011"
2011,CLE,Tristan Thompson,Texas,1,4,"Tristan Thompson, 2011"
2011,TOR,Jonas Valančiūnas,No US College,1,5,"Jonas Valančiūnas, 2011"
2011,WAS,Jan Veselý,No US College,1,6,"Jan Veselý, 2011"
2011,SAC,Bismack Biyombo,No US College,1,7,"Bismack Biyombo, 2011"
2011,DET,Brandon Knight,Kentucky,1,8,"Brandon Knight, 2011"
2011,CHA,Kemba Walker,UConn,1,9,"Kemba Walker, 2011"
2011,MIL,Jimmer Fredette,BYU,1,10,"Jimmer Fredette, 2011"
2011,GSW,Klay Thompson,Washington State,1,11,"Klay Thompson, 2011"
2011,UTA,Alec Burks,Colorado,1,12,"Alec Burks, 2011"
2011,PHO,Markieff Morris,Kansas,1,13,"Markieff Morris, 2011"
2011,HOU,Marcus Morris,Kansas,1,14,"Marcus Morris, 2011"
2011,IND,Kawhi Leonard,San Diego State,1,15,"Kawhi Leonard, 2011"
2011,PHI,Nikola Vučević,USC,1,16,"Nikola Vučević, 2011"
2011,NYK,Iman Shumpert,Georgia Tech,1,17,"Iman Shumpert, 2011"
2011,WAS,Chris Singleton,Florida State,1,18,"Chris Singleton, 2011"
2011,CHA,Tobias Harris,Tennessee,1,19,"Tobias Harris, 2011"
2011,MIN,Donatas Motiejūnas,No US College,1,20,"Donatas Motiejūnas, 2011"
2011,POR,Nolan Smith,Duke,1,21,"Nolan Smith, 2011"
2011,DEN,Kenneth Faried,Morehead State University,1,22,"Kenneth Faried, 2011"
2011,HOU,Nikola Mirotić,No US College,1,23,"Nikola Mirotić, 2011"
2011,OKC,Reggie Jackson,Boston College,1,24,"Reggie Jackson, 2011"
2011,BOS,MarShon Brooks,Providence,1,25,"MarShon Brooks, 2011"
2011,DAL,Jordan Hamilton,Texas,1,26,"Jordan Hamilton, 2011"
2011,NJN,JaJuan Johnson,Purdue,1,27,"JaJuan Johnson, 2011"
2011,CHI,Norris Cole,Cleveland State University,1,28,"Norris Cole, 2011"
2011,SAS,Cory Joseph,Texas,1,29,"Cory Joseph, 2011"
2011,CHI,Jimmy Butler,Marquette,1,30,"Jimmy Butler, 2011"
2011,MIA,Bojan Bogdanović,No US College,2,31,"Bojan Bogdanović, 2011"
2011,CLE,Justin Harper,Richmond,2,32,"Justin Harper, 2011"
2011,DET,Kyle Singler,Duke,2,33,"Kyle Singler, 2011"
2011,WAS,Shelvin Mack,Butler,2,34,"Shelvin Mack, 2011"
2011,SAC,Tyler Honeycutt,UCLA,2,35,"Tyler Honeycutt, 2011"
2011,NJN,Jordan Williams,Maryland,2,36,"Jordan Williams, 2011"
2011,LAC,Trey Thompkins,Georgia,2,37,"Trey Thompkins, 2011"
2011,HOU,Chandler Parsons,Florida,2,38,"Chandler Parsons, 2011"
2011,CHA,Jeremy Tyler,No US College,2,39,"Jeremy Tyler, 2011"
2011,MIL,Jon Leuer,Wisconsin,2,40,"Jon Leuer, 2011"
2011,LAL,Darius Morris,Michigan,2,41,"Darius Morris, 2011"
2011,IND,Dāvis Bertāns,No US College,2,42,"Dāvis Bertāns, 2011"
2011,CHI,Malcolm Lee,UCLA,2,43,"Malcolm Lee, 2011"
2011,GSW,Charles Jenkins,Hofstra,2,44,"Charles Jenkins, 2011"
2011,NOH,Josh Harrellson,Kentucky,2,45,"Josh Harrellson, 2011"
2011,LAL,Andrew Goudelock,College of Charleston,2,46,"Andrew Goudelock, 2011"
2011,LAC,Travis Leslie,Georgia,2,47,"Travis Leslie, 2011"
2011,ATL,Keith Benson,Oakland,2,48,"Keith Benson, 2011"
2011,MEM,Josh Selby,Kansas,2,49,"Josh Selby, 2011"
2011,PHI,Lavoy Allen,Temple,2,50,"Lavoy Allen, 2011"
2011,POR,Jon Diebler,Ohio State,2,51,"Jon Diebler, 2011"
2011,DET,Vernon Macklin,Florida,2,52,"Vernon Macklin, 2011"
2011,ORL,DeAndre Liggins,Kentucky,2,53,"DeAndre Liggins, 2011"
2011,CLE,Milan Mačvan,No US College,2,54,"Milan Mačvan, 2011"
2011,BOS,E'Twaun Moore,Purdue,2,55,"E'Twaun Moore, 2011"
2011,LAL,Chukwudiebere Maduabum,No US College,2,56,"Chukwudiebere Maduabum, 2011"
2011,DAL,Targuy Ngombo,No US College,2,57,"Targuy Ngombo, 2011"
2011,LAL,Ater Majok,No US College,2,58,"Ater Majok, 2011"
2011,SAS,Ádám Hanga,No US College,2,59,"Ádám Hanga, 2011"
2011,SAC,Isaiah Thomas,Washington,2,60,"Isaiah Thomas, 2011"
2012,NOH,Anthony Davis,Kentucky,1,1,"Anthony Davis, 2012"
2012,CHA,Michael Kidd-Gilchrist,Kentucky,1,2,"Michael Kidd-Gilchrist, 2012"
2012,WAS,Bradley Beal,Florida,1,3,"Bradley Beal, 2012"
2012,CLE,Dion Waiters,Syracuse,1,4,"Dion Waiters, 2012"
2012,SAC,Thomas Robinson,Kansas,1,5,"Thomas Robinson, 2012"
2012,POR,Damian Lillard,Weber State,1,6,"Damian Lillard, 2012"
2012,GSW,Harrison Barnes,UNC,1,7,"Harrison Barnes, 2012"
2012,TOR,Terrence Ross,Washington,1,8,"Terrence Ross, 2012"
2012,DET,Andre Drummond,UConn,1,9,"Andre Drummond, 2012"
2012,NOH,Austin Rivers,Duke,1,10,"Austin Rivers, 2012"
2012,POR,Meyers Leonard,Illinois,1,11,"Meyers Leonard, 2012"
2012,HOU,Jeremy Lamb,UConn,1,12,"Jeremy Lamb, 2012"
2012,PHO,Kendall Marshall,UNC,1,13,"Kendall Marshall, 2012"
2012,MIL,John Henson,UNC,1,14,"John Henson, 2012"
2012,PHI,Maurice Harkless,St. John's,1,15,"Maurice Harkless, 2012"
2012,HOU,Royce White,Iowa State,1,16,"Royce White, 2012"
2012,DAL,Tyler Zeller,UNC,1,17,"Tyler Zeller, 2012"
2012,HOU,Terrence Jones,Kentucky,1,18,"Terrence Jones, 2012"
2012,ORL,Andrew Nicholson,St. Bonaventure,1,19,"Andrew Nicholson, 2012"
2012,DEN,Evan Fournier,No US College,1,20,"Evan Fournier, 2012"
2012,BOS,Jared Sullinger,Ohio State,1,21,"Jared Sullinger, 2012"
2012,BOS,Fab Melo,Syracuse,1,22,"Fab Melo, 2012"
2012,ATL,John Jenkins,Vanderbilt,1,23,"John Jenkins, 2012"
2012,CLE,Jared Cunningham,Oregon State,1,24,"Jared Cunningham, 2012"
2012,MEM,Tony Wroten,Washington,1,25,"Tony Wroten, 2012"
2012,IND,Miles Plumlee,Duke,1,26,"Miles Plumlee, 2012"
2012,MIA,Arnett Moultrie,Mississippi State,1,27,"Arnett Moultrie, 2012"
2012,OKC,Perry Jones,Baylor,1,28,"Perry Jones, 2012"
2012,CHI,Marquis Teague,Kentucky,1,29,"Marquis Teague, 2012"
2012,GSW,Festus Ezeli,Vanderbilt,1,30,"Festus Ezeli, 2012"
2012,CHA,Jeff Taylor,Vanderbilt,2,31,"Jeff Taylor, 2012"
2012,WAS,Tomáš Satoranský,No US College,2,32,"Tomáš Satoranský, 2012"
2012,CLE,Bernard James,Florida State,2,33,"Bernard James, 2012"
2012,CLE,Jae Crowder,Marquette,2,34,"Jae Crowder, 2012"
2012,GSW,Draymond Green,Michigan State,2,35,"Draymond Green, 2012"
2012,SAC,Orlando Johnson,UC Santa Barbara,2,36,"Orlando Johnson, 2012"
2012,TOR,Quincy Acy,Baylor,2,37,"Quincy Acy, 2012"
2012,DEN,Quincy Miller,Baylor,2,38,"Quincy Miller, 2012"
2012,DET,Khris Middleton,Texas A&M,2,39,"Khris Middleton, 2012"
2012,POR,Will Barton,Memphis,2,40,"Will Barton, 2012"
2012,POR,Tyshawn Taylor,Kansas,2,41,"Tyshawn Taylor, 2012"
2012,MIL,Doron Lamb,Kentucky,2,42,"Doron Lamb, 2012"
2012,ATL,Mike Scott,Virginia,2,43,"Mike Scott, 2012"
2012,DET,Kim English,Missouri,2,44,"Kim English, 2012"
2012,PHI,Justin Hamilton,LSU,2,45,"Justin Hamilton, 2012"
2012,NOH,Darius Miller,Kentucky,2,46,"Darius Miller, 2012"
2012,UTA,Kevin Murphy,Tennessee Technological University,2,47,"Kevin Murphy, 2012"
2012,NYK,Kostas Papanikolaou,No US College,2,48,"Kostas Papanikolaou, 2012"
2012,ORL,Kyle O'Quinn,Norfolk State,2,49,"Kyle O'Quinn, 2012"
2012,DEN,İzzet Türkyılmaz,No US College,2,50,"İzzet Türkyılmaz, 2012"
2012,BOS,Kris Joseph,Syracuse,2,51,"Kris Joseph, 2012"
2012,GSW,Ognjen Kuzmić,No US College,2,52,"Ognjen Kuzmić, 2012"
2012,LAC,Furkan Aldemir,No US College,2,53,"Furkan Aldemir, 2012"
2012,PHI,Tornike Shengelia,No US College,2,54,"Tornike Shengelia, 2012"
2012,DAL,Darius Johnson-Odom,Marquette,2,55,"Darius Johnson-Odom, 2012"
2012,TOR,Tomislav Zubčić,No US College,2,56,"Tomislav Zubčić, 2012"
2012,NJN,İlkan Karaman,No US College,2,57,"İlkan Karaman, 2012"
2012,MIN,Robbie Hummel,Purdue,2,58,"Robbie Hummel, 2012"
2012,SAS,Marcus Denmon,Missouri,2,59,"Marcus Denmon, 2012"
2012,LAL,Robert Sacre,Gonzaga,2,60,"Robert Sacre, 2012"
2013,CLE,Anthony Bennett,UNLV,1,1,"Anthony Bennett, 2013"
2013,ORL,Victor Oladipo,Indiana,1,2,"Victor Oladipo, 2013"
2013,WAS,Otto Porter,Georgetown,1,3,"Otto Porter, 2013"
2013,CHA,Cody Zeller,Indiana,1,4,"Cody Zeller, 2013"
2013,PHO,Alex Len,Maryland,1,5,"Alex Len, 2013"
2013,NOH,Nerlens Noel,Kentucky,1,6,"Nerlens Noel, 2013"
2013,SAC,Ben McLemore,Kansas,1,7,"Ben McLemore, 2013"
2013,DET,Kentavious Caldwell-Pope,Georgia,1,8,"Kentavious Caldwell-Pope, 2013"
2013,MIN,Trey Burke,Michigan,1,9,"Trey Burke, 2013"
2013,POR,CJ McCollum,Lehigh,1,10,"CJ McCollum, 2013"
2013,PHI,Michael Carter-Williams,Syracuse,1,11,"Michael Carter-Williams, 2013"
2013,OKC,Steven Adams,Pitt,1,12,"Steven Adams, 2013"
2013,DAL,Kelly Olynyk,Gonzaga,1,13,"Kelly Olynyk, 2013"
2013,UTA,Shabazz Muhammad,UCLA,1,14,"Shabazz Muhammad, 2013"
2013,MIL,Giannis Antetokounmpo,No US College,1,15,"Giannis Antetokounmpo, 2013"
2013,BOS,Lucas Nogueira,No US College,1,16,"Lucas Nogueira, 2013"
2013,ATL,Dennis Schröder,No US College,1,17,"Dennis Schröder, 2013"
2013,ATL,Shane Larkin,Miami (FL),1,18,"Shane Larkin, 2013"
2013,CLE,Sergey Karasev,No US College,1,19,"Sergey Karasev, 2013"
2013,CHI,Tony Snell,New Mexico,1,20,"Tony Snell, 2013"
2013,UTA,Gorgui Dieng,Louisville,1,21,"Gorgui Dieng, 2013"
2013,BRK,Mason Plumlee,Duke,1,22,"Mason Plumlee, 2013"
2013,IND,Solomon Hill,Arizona,1,23,"Solomon Hill, 2013"
2013,NYK,Tim Hardaway Jr.,Michigan,1,24,"Tim Hardaway Jr., 2013"
2013,LAC,Reggie Bullock,UNC,1,25,"Reggie Bullock, 2013"
2013,MIN,Andre Roberson,Colorado,1,26,"Andre Roberson, 2013"
2013,DEN,Rudy Gobert,No US College,1,27,"Rudy Gobert, 2013"
2013,SAS,Livio Jean-Charles,No US College,1,28,"Livio Jean-Charles, 2013"
2013,OKC,Archie Goodwin,Kentucky,1,29,"Archie Goodwin, 2013"
2013,PHO,Nemanja Nedović,No US College,1,30,"Nemanja Nedović, 2013"
2013,CLE,Allen Crabbe,California,2,31,"Allen Crabbe, 2013"
2013,OKC,Álex Abrines,No US College,2,32,"Álex Abrines, 2013"
2013,CLE,Carrick Felix,Arizona State,2,33,"Carrick Felix, 2013"
2013,HOU,Isaiah Canaan,Murray State,2,34,"Isaiah Canaan, 2013"
2013,PHI,Glen Rice Jr.,Georgia Tech,2,35,"Glen Rice Jr., 2013"
2013,SAC,Ray McCallum,Detroit Mercy,2,36,"Ray McCallum, 2013"
2013,DET,Tony Mitchell,University of North Texas,2,37,"Tony Mitchell, 2013"
2013,WAS,Nate Wolters,South Dakota State,2,38,"Nate Wolters, 2013"
2013,POR,Jeff Withey,Kansas,2,39,"Jeff Withey, 2013"
2013,POR,Grant Jerrett,Arizona,2,40,"Grant Jerrett, 2013"
2013,MEM,Jamaal Franklin,San Diego State,2,41,"Jamaal Franklin, 2013"
2013,PHI,Pierre Jackson,Baylor,2,42,"Pierre Jackson, 2013"
2013,MIL,Ricky Ledo,Providence,2,43,"Ricky Ledo, 2013"
2013,DAL,Mike Muscala,Bucknell,2,44,"Mike Muscala, 2013"
2013,POR,Marko Todorović,No US College,2,45,"Marko Todorović, 2013"
2013,UTA,Erick Green,Virginia Tech,2,46,"Erick Green, 2013"
2013,ATL,Raul Neto,No US College,2,47,"Raul Neto, 2013"
2013,LAL,Ryan Kelly,Duke,2,48,"Ryan Kelly, 2013"
2013,CHI,Erik Murphy,Florida,2,49,"Erik Murphy, 2013"
2013,ATL,James Ennis,Cal State Long Beach,2,50,"James Ennis, 2013"
2013,ORL,Romero Osby,Oklahoma,2,51,"Romero Osby, 2013"
2013,MIN,Lorenzo Brown,NC State,2,52,"Lorenzo Brown, 2013"
2013,IND,Colton Iverson,Colorado State,2,53,"Colton Iverson, 2013"
2013,WAS,Arsalan Kazemi,Oregon,2,54,"Arsalan Kazemi, 2013"
2013,MEM,Joffrey Lauvergne,No US College,2,55,"Joffrey Lauvergne, 2013"
2013,DET,Peyton Siva,Louisville,2,56,"Peyton Siva, 2013"
2013,PHO,Alex Oriakhi,Missouri,2,57,"Alex Oriakhi, 2013"
2013,SAS,Deshaun Thomas,Ohio State,2,58,"Deshaun Thomas, 2013"
2013,MIN,Bojan Dubljević,No US College,2,59,"Bojan Dubljević, 2013"
2013,MEM,Jānis Timma,No US College,2,60,"Jānis Timma, 2013"
2014,CLE,Andrew Wiggins,Kansas,1,1,"Andrew Wiggins, 2014"
2014,MIL,Jabari Parker,Duke,1,2,"Jabari Parker, 2014"
2014,PHI,Joel Embiid,Kansas,1,3,"Joel Embiid, 2014"
2014,ORL,Aaron Gordon,Arizona,1,4,"Aaron Gordon, 2014"
2014,UTA,Dante Exum,No US College,1,5,"Dante Exum, 2014"
2014,BOS,Marcus Smart,Oklahoma State,1,6,"Marcus Smart, 2014"
2014,LAL,Julius Randle,Kentucky,1,7,"Julius Randle, 2014"
2014,SAC,Nik Stauskas,Michigan,1,8,"Nik Stauskas, 2014"
2014,CHH,Noah Vonleh,Indiana,1,9,"Noah Vonleh, 2014"
2014,PHI,Elfrid Payton,Louisiana,1,10,"Elfrid Payton, 2014"
2014,DEN,Doug McDermott,Creighton,1,11,"Doug McDermott, 2014"
2014,ORL,Dario Šarić,No US College,1,12,"Dario Šarić, 2014"
2014,MIN,Zach LaVine,UCLA,1,13,"Zach LaVine, 2014"
2014,PHO,T.J. Warren,NC State,1,14,"T.J. Warren, 2014"
2014,ATL,Adreian Payne,Michigan State,1,15,"Adreian Payne, 2014"
2014,CHI,Jusuf Nurkić,No US College,1,16,"Jusuf Nurkić, 2014"
2014,BOS,James Young,Kentucky,1,17,"James Young, 2014"
2014,PHO,Tyler Ennis,Syracuse,1,18,"Tyler Ennis, 2014"
2014,CHI,Gary Harris,Michigan State,1,19,"Gary Harris, 2014"
2014,TOR,Bruno Caboclo,No US College,1,20,"Bruno Caboclo, 2014"
2014,OKC,Mitch McGary,Michigan,1,21,"Mitch McGary, 2014"
2014,MEM,Jordan Adams,UCLA,1,22,"Jordan Adams, 2014"
2014,UTA,Rodney Hood,Duke,1,23,"Rodney Hood, 2014"
2014,CHH,Shabazz Napier,UConn,1,24,"Shabazz Napier, 2014"
2014,HOU,Clint Capela,No US College,1,25,"Clint Capela, 2014"
2014,MIA,P.J. Hairston,UNC,1,26,"P.J. Hairston, 2014"
2014,PHO,Bogdan Bogdanović,No US College,1,27,"Bogdan Bogdanović, 2014"
2014,LAC,C.J. Wilcox,Washington,1,28,"C.J. Wilcox, 2014"
2014,OKC,Josh Huestis,Stanford,1,29,"Josh Huestis, 2014"
2014,SAS,Kyle Anderson,UCLA,1,30,"Kyle Anderson, 2014"
2014,MIL,Damien Inglis,No US College,2,31,"Damien Inglis, 2014"
2014,PHI,K.J. McDaniels,Clemson,2,32,"K.J. McDaniels, 2014"
2014,CLE,Joe Harris,Virginia,2,33,"Joe Harris, 2014"
2014,NYK,Cleanthony Early,Wichita State,2,34,"Cleanthony Early, 2014"
2014,UTA,Jarnell Stokes,Tennessee,2,35,"Jarnell Stokes, 2014"
2014,MIL,Johnny O'Bryant,LSU,2,36,"Johnny O'Bryant, 2014"
2014,TOR,DeAndre Daniels,UConn,2,37,"DeAndre Daniels, 2014"
2014,DET,Spencer Dinwiddie,Colorado,2,38,"Spencer Dinwiddie, 2014"
2014,PHI,Jerami Grant,Syracuse,2,39,"Jerami Grant, 2014"
2014,MIN,Glenn Robinson III,Michigan,2,40,"Glenn Robinson III, 2014"
2014,DEN,Nikola Jokić,No US College,2,41,"Nikola Jokić, 2014"
2014,HOU,Nick Johnson,Arizona,2,42,"Nick Johnson, 2014"
2014,ATL,Edy Tavares,No US College,2,43,"Edy Tavares, 2014"
2014,MIN,Markel Brown,Oklahoma State,2,44,"Markel Brown, 2014"
2014,CHH,Dwight Powell,Stanford,2,45,"Dwight Powell, 2014"
2014,WAS,Jordan Clarkson,Missouri,2,46,"Jordan Clarkson, 2014"
2014,PHI,Russ Smith,Louisville,2,47,"Russ Smith, 2014"
2014,MIL,Lamar Patterson,Pitt,2,48,"Lamar Patterson, 2014"
2014,CHI,Cameron Bairstow,New Mexico,2,49,"Cameron Bairstow, 2014"
2014,PHO,Alec Brown,Green Bay,2,50,"Alec Brown, 2014"
2014,NYK,Thanasis Antetokounmpo,No US College,2,51,"Thanasis Antetokounmpo, 2014"
2014,PHI,Vasilije Micić,No US College,2,52,"Vasilije Micić, 2014"
2014,MIN,Alessandro Gentile,No US College,2,53,"Alessandro Gentile, 2014"
2014,PHI,Nemanja Dangubić,No US College,2,54,"Nemanja Dangubić, 2014"
2014,MIA,Semaj Christon,Xavier,2,55,"Semaj Christon, 2014"
2014,DEN,Devyn Marble,Iowa,2,56,"Devyn Marble, 2014"
2014,IND,Louis Labeyrie,No US College,2,57,"Louis Labeyrie, 2014"
2014,SAS,Jordan McRae,Tennessee,2,58,"Jordan McRae, 2014"
2014,TOR,Xavier Thames,San Diego State,2,59,"Xavier Thames, 2014"
2014,SAS,Cory Jefferson,Baylor,2,60,"Cory Jefferson, 2014"
2015,MIN,Karl-Anthony Towns,Kentucky,1,1,"Karl-Anthony Towns, 2015"
2015,LAL,D'Angelo Russell,Ohio State,1,2,"D'Angelo Russell, 2015"
2015,PHI,Jahlil Okafor,Duke,1,3,"Jahlil Okafor, 2015"
2015,NYK,Kristaps Porziņģis,No US College,1,4,"Kristaps Porziņģis, 2015"
2015,ORL,Mario Hezonja,No US College,1,5,"Mario Hezonja, 2015"
2015,SAC,Willie Cauley-Stein,Kentucky,1,6,"Willie Cauley-Stein, 2015"
2015,DEN,Emmanuel Mudiay,No US College,1,7,"Emmanuel Mudiay, 2015"
2015,DET,Stanley Johnson,Arizona,1,8,"Stanley Johnson, 2015"
2015,CHO,Frank Kaminsky,Wisconsin,1,9,"Frank Kaminsky, 2015"
2015,MIA,Justise Winslow,Duke,1,10,"Justise Winslow, 2015"
2015,IND,Myles Turner,Texas,1,11,"Myles Turner, 2015"
2015,UTA,Trey Lyles,Kentucky,1,12,"Trey Lyles, 2015"
2015,PHO,Devin Booker,Kentucky,1,13,"Devin Booker, 2015"
2015,OKC,Cameron Payne,Murray State,1,14,"Cameron Payne, 2015"
2015,ATL,Kelly Oubre Jr.,Kansas,1,15,"Kelly Oubre Jr., 2015"
2015,BOS,Terry Rozier,Louisville,1,16,"Terry Rozier, 2015"
2015,MIL,Rashad Vaughn,UNLV,1,17,"Rashad Vaughn, 2015"
2015,HOU,Sam Dekker,Wisconsin,1,18,"Sam Dekker, 2015"
2015,WAS,Jerian Grant,Notre Dame,1,19,"Jerian Grant, 2015"
2015,TOR,Delon Wright,Utah,1,20,"Delon Wright, 2015"
2015,DAL,Justin Anderson,Virginia,1,21,"Justin Anderson, 2015"
2015,CHI,Bobby Portis,Arkansas,1,22,"Bobby Portis, 2015"
2015,POR,Rondae Hollis-Jefferson,Arizona,1,23,"Rondae Hollis-Jefferson, 2015"
2015,CLE,Tyus Jones,Duke,1,24,"Tyus Jones, 2015"
2015,MEM,Jarell Martin,LSU,1,25,"Jarell Martin, 2015"
2015,SAS,Nikola Milutinov,No US College,1,26,"Nikola Milutinov, 2015"
2015,LAL,Larry Nance Jr.,Wyoming,1,27,"Larry Nance Jr., 2015"
2015,BOS,R.J. Hunter,Georgia State University,1,28,"R.J. Hunter, 2015"
2015,BRK,Chris McCullough,Syracuse,1,29,"Chris McCullough, 2015"
2015,GSW,Kevon Looney,UCLA,1,30,"Kevon Looney, 2015"
2015,MIN,Cedi Osman,No US College,2,31,"Cedi Osman, 2015"
2015,HOU,Montrezl Harrell,Louisville,2,32,"Montrezl Harrell, 2015"
2015,BOS,Jordan Mickey,LSU,2,33,"Jordan Mickey, 2015"
2015,LAL,Anthony Brown,Stanford,2,34,"Anthony Brown, 2015"
2015,PHI,Willy Hernangómez,No US College,2,35,"Willy Hernangómez, 2015"
2015,MIN,Rakeem Christmas,Syracuse,2,36,"Rakeem Christmas, 2015"
2015,PHI,Richaun Holmes,Bowling Green,2,37,"Richaun Holmes, 2015"
2015,DET,Darrun Hilliard,Villanova,2,38,"Darrun Hilliard, 2015"
2015,CHO,Juan Pablo Vaulet,No US College,2,39,"Juan Pablo Vaulet, 2015"
2015,MIA,Josh Richardson,Tennessee,2,40,"Josh Richardson, 2015"
2015,BRK,Pat Connaughton,Notre Dame,2,41,"Pat Connaughton, 2015"
2015,UTA,Olivier Hanlan,Boston College,2,42,"Olivier Hanlan, 2015"
2015,IND,Joe Young,Oregon,2,43,"Joe Young, 2015"
2015,PHO,Andrew Harrison,Kentucky,2,44,"Andrew Harrison, 2015"
2015,BOS,Marcus Thornton,William & Mary,2,45,"Marcus Thornton, 2015"
2015,MIL,Norman Powell,UCLA,2,46,"Norman Powell, 2015"
2015,PHI,Artūras Gudaitis,No US College,2,47,"Artūras Gudaitis, 2015"
2015,OKC,Dakari Johnson,Kentucky,2,48,"Dakari Johnson, 2015"
2015,WAS,Aaron White,Iowa,2,49,"Aaron White, 2015"
2015,ATL,Marcus Eriksson,No US College,2,50,"Marcus Eriksson, 2015"
2015,ORL,Tyler Harvey,Eastern Washington,2,51,"Tyler Harvey, 2015"
2015,DAL,Satnam Singh,No US College,2,52,"Satnam Singh, 2015"
2015,CLE,Sir'Dominic Pointer,St. John's,2,53,"Sir'Dominic Pointer, 2015"
2015,UTA,Dani Díez,No US College,2,54,"Dani Díez, 2015"
2015,SAS,Cady Lalanne,UMass,2,55,"Cady Lalanne, 2015"
2015,NOP,Branden Dawson,Michigan State,2,56,"Branden Dawson, 2015"
2015,DEN,Nikola Radičević,No US College,2,57,"Nikola Radičević, 2015"
2015,PHI,J.P. Tokoto,UNC,2,58,"J.P. Tokoto, 2015"
2015,ATL,Dimitrios Agravanis,No US College,2,59,"Dimitrios Agravanis, 2015"
2015,PHI,Luka Mitrović,No US College,2,60,"Luka Mitrović, 2015"
2016,PHI,Ben Simmons,LSU,1,1,"Ben Simmons, 2016"
2016,LAL,Brandon Ingram,Duke,1,2,"Brandon Ingram, 2016"
2016,BOS,Jaylen Brown,California,1,3,"Jaylen Brown, 2016"
2016,PHO,Dragan Bender,No US College,1,4,"Dragan Bender, 2016"
2016,MIN,Kris Dunn,Providence,1,5,"Kris Dunn, 2016"
2016,NOP,Buddy Hield,Oklahoma,1,6,"Buddy Hield, 2016"
2016,DEN,Jamal Murray,Kentucky,1,7,"Jamal Murray, 2016"
2016,SAC,Marquese Chriss,Washington,1,8,"Marquese Chriss, 2016"
2016,TOR,Jakob Poeltl,Utah,1,9,"Jakob Poeltl, 2016"
2016,MIL,Thon Maker,No US College,1,10,"Thon Maker, 2016"
2016,ORL,Domantas Sabonis,Gonzaga,1,11,"Domantas Sabonis, 2016"
2016,UTA,Taurean Prince,Baylor,1,12,"Taurean Prince, 2016"
2016,PHO,Georgios Papagiannis,No US College,1,13,"Georgios Papagiannis, 2016"
2016,CHI,Denzel Valentine,Michigan State,1,14,"Denzel Valentine, 2016"
2016,DEN,Juan Hernangómez,No US College,1,15,"Juan Hernangómez, 2016"
2016,BOS,Guerschon Yabusele,No US College,1,16,"Guerschon Yabusele, 2016"
2016,MEM,Wade Baldwin,Vanderbilt,1,17,"Wade Baldwin, 2016"
2016,DET,Henry Ellenson,Marquette,1,18,"Henry Ellenson, 2016"
2016,DEN,Malik Beasley,Florida State,1,19,"Malik Beasley, 2016"
2016,IND,Caris LeVert,Michigan,1,20,"Caris LeVert, 2016"
2016,ATL,DeAndre' Bembry,Saint Joseph's,1,21,"DeAndre' Bembry, 2016"
2016,CHO,Malachi Richardson,Syracuse,1,22,"Malachi Richardson, 2016"
2016,BOS,Ante Žižić,No US College,1,23,"Ante Žižić, 2016"
2016,PHI,Timothé Luwawu-Cabarrot,No US College,1,24,"Timothé Luwawu-Cabarrot, 2016"
2016,LAC,Brice Johnson,UNC,1,25,"Brice Johnson, 2016"
2016,PHI,Furkan Korkmaz,No US College,1,26,"Furkan Korkmaz, 2016"
2016,TOR,Pascal Siakam,New Mexico State,1,27,"Pascal Siakam, 2016"
2016,PHO,Skal Labissière,Kentucky,1,28,"Skal Labissière, 2016"
2016,SAS,Dejounte Murray,Washington,1,29,"Dejounte Murray, 2016"
2016,GSW,Damian Jones,Vanderbilt,1,30,"Damian Jones, 2016"
2016,BOS,Deyonta Davis,Michigan State,2,31,"Deyonta Davis, 2016"
2016,LAL,Ivica Zubac,No US College,2,32,"Ivica Zubac, 2016"
2016,LAC,Cheick Diallo,Kansas,2,33,"Cheick Diallo, 2016"
2016,PHO,Tyler Ulis,Kentucky,2,34,"Tyler Ulis, 2016"
2016,BOS,Rade Zagorac,No US College,2,35,"Rade Zagorac, 2016"
2016,MIL,Malcolm Brogdon,Virginia,2,36,"Malcolm Brogdon, 2016"
2016,HOU,Chinanu Onuaku,Louisville,2,37,"Chinanu Onuaku, 2016"
2016,MIL,Patrick McCaw,UNLV,2,38,"Patrick McCaw, 2016"
2016,NOP,David Michineau,No US College,2,39,"David Michineau, 2016"
2016,NOP,Diamond Stone,Maryland,2,40,"Diamond Stone, 2016"
2016,ORL,Stephen Zimmerman,UNLV,2,41,"Stephen Zimmerman, 2016"
2016,UTA,Isaiah Whitehead,Seton Hall,2,42,"Isaiah Whitehead, 2016"
2016,HOU,Zhou Qi,No US College,2,43,"Zhou Qi, 2016"
2016,ATL,Isaïa Cordinier,No US College,2,44,"Isaïa Cordinier, 2016"
2016,BOS,Demetrius Jackson,Notre Dame,2,45,"Demetrius Jackson, 2016"
2016,DAL,A.J. Hammons,Purdue,2,46,"A.J. Hammons, 2016"
2016,ORL,Jake Layman,Maryland,2,47,"Jake Layman, 2016"
2016,CHI,Paul Zipser,No US College,2,48,"Paul Zipser, 2016"
2016,DET,Michael Gbinije,Syracuse,2,49,"Michael Gbinije, 2016"
2016,IND,Georges Niang,Iowa State,2,50,"Georges Niang, 2016"
2016,BOS,Ben Bentil,Providence,2,51,"Ben Bentil, 2016"
2016,UTA,Joel Bolomboy,Weber State,2,52,"Joel Bolomboy, 2016"
2016,DEN,Petr Cornelie,No US College,2,53,"Petr Cornelie, 2016"
2016,ATL,Kay Felder,Oakland,2,54,"Kay Felder, 2016"
2016,BRK,Marcus Paige,UNC,2,55,"Marcus Paige, 2016"
2016,DEN,Daniel Hamilton,UConn,2,56,"Daniel Hamilton, 2016"
2016,MEM,Wang Zhelin,No US College,2,57,"Wang Zhelin, 2016"
2016,BOS,Abdel Nader,Iowa State,2,58,"Abdel Nader, 2016"
2016,SAC,Isaiah Cousins,Oklahoma,2,59,"Isaiah Cousins, 2016"
2016,UTA,Tyrone Wallace,California,2,60,"Tyrone Wallace, 2016"
2017,PHI,Markelle Fultz,Washington,1,1,"Markelle Fultz, 2017"
2017,LAL,Lonzo Ball,UCLA,1,2,"Lonzo Ball, 2017"
2017,BOS,Jayson Tatum,Duke,1,3,"Jayson Tatum, 2017"
2017,PHO,Josh Jackson,Kansas,1,4,"Josh Jackson, 2017"
2017,SAC,De'Aaron Fox,Kentucky,1,5,"De'Aaron Fox, 2017"
2017,ORL,Jonathan Isaac,Florida State,1,6,"Jonathan Isaac, 2017"
2017,MIN,Lauri Markkanen,Arizona,1,7,"Lauri Markkanen, 2017"
2017,NYK,Frank Ntilikina,No US College,1,8,"Frank Ntilikina, 2017"
2017,DAL,Dennis Smith Jr.,NC State,1,9,"Dennis Smith Jr., 2017"
2017,SAC,Zach Collins,Gonzaga,1,10,"Zach Collins, 2017"
2017,CHO,Malik Monk,Kentucky,1,11,"Malik Monk, 2017"
2017,DET,Luke Kennard,Duke,1,12,"Luke Kennard, 2017"
2017,DEN,Donovan Mitchell,Louisville,1,13,"Donovan Mitchell, 2017"
2017,MIA,Bam Adebayo,Kentucky,1,14,"Bam Adebayo, 2017"
2017,POR,Justin Jackson,UNC,1,15,"Justin Jackson, 2017"
2017,CHI,Justin Patton,Creighton,1,16,"Justin Patton, 2017"
2017,MIL,D.J. Wilson,Michigan,1,17,"D.J. Wilson, 2017"
2017,IND,T.J. Leaf,UCLA,1,18,"T.J. Leaf, 2017"
2017,ATL,John Collins,Wake Forest,1,19,"John Collins, 2017"
2017,POR,Harry Giles,Duke,1,20,"Harry Giles, 2017"
2017,OKC,Terrance Ferguson,No US College,1,21,"Terrance Ferguson, 2017"
2017,BRK,Jarrett Allen,Texas,1,22,"Jarrett Allen, 2017"
2017,TOR,OG Anunoby,Indiana,1,23,"OG Anunoby, 2017"
2017,UTA,Tyler Lydon,Syracuse,1,24,"Tyler Lydon, 2017"
2017,ORL,Anžejs Pasečņiks,No US College,1,25,"Anžejs Pasečņiks, 2017"
2017,POR,Caleb Swanigan,Purdue,1,26,"Caleb Swanigan, 2017"
2017,BRK,Kyle Kuzma,Utah,1,27,"Kyle Kuzma, 2017"
2017,LAL,Tony Bradley,UNC,1,28,"Tony Bradley, 2017"
2017,SAS,Derrick White,Colorado,1,29,"Derrick White, 2017"
2017,UTA,Josh Hart,Villanova,1,30,"Josh Hart, 2017"
2017,CHO,Frank Jackson,Duke,2,31,"Frank Jackson, 2017"
2017,PHO,Davon Reed,Miami (FL),2,32,"Davon Reed, 2017"
2017,ORL,Wesley Iwundu,Kansas State,2,33,"Wesley Iwundu, 2017"
2017,SAC,Frank Mason III,Kansas,2,34,"Frank Mason III, 2017"
2017,ORL,Ivan Rabb,California,2,35,"Ivan Rabb, 2017"
2017,PHI,Jonah Bolden,No US College,2,36,"Jonah Bolden, 2017"
2017,BOS,Semi Ojeleye,SMU,2,37,"Semi Ojeleye, 2017"
2017,CHI,Jordan Bell,Oregon,2,38,"Jordan Bell, 2017"
2017,PHI,Jawun Evans,Oklahoma State,2,39,"Jawun Evans, 2017"
2017,NOP,Dwayne Bacon,Florida State,2,40,"Dwayne Bacon, 2017"
2017,ATL,Tyler Dorsey,Oregon,2,41,"Tyler Dorsey, 2017"
2017,UTA,Thomas Bryant,Indiana,2,42,"Thomas Bryant, 2017"
2017,HOU,Isaiah Hartenstein,No US College,2,43,"Isaiah Hartenstein, 2017"
2017,NYK,Damyean Dotson,Oregon,2,44,"Damyean Dotson, 2017"
2017,HOU,Dillon Brooks,Oregon,2,45,"Dillon Brooks, 2017"
2017,PHI,Sterling Brown,SMU,2,46,"Sterling Brown, 2017"
2017,IND,Ike Anigbogu,UCLA,2,47,"Ike Anigbogu, 2017"
2017,MIL,Sindarius Thornwell,South Carolina,2,48,"Sindarius Thornwell, 2017"
2017,DEN,Vlatko Čančar,No US College,2,49,"Vlatko Čančar, 2017"
2017,PHI,Mathias Lessort,No US College,2,50,"Mathias Lessort, 2017"
2017,DEN,Monte Morris,Iowa State,2,51,"Monte Morris, 2017"
2017,NOP,Edmond Sumner,Xavier,2,52,"Edmond Sumner, 2017"
2017,BOS,Kadeem Allen,Arizona,2,53,"Kadeem Allen, 2017"
2017,PHO,Alec Peters,Valparaiso,2,54,"Alec Peters, 2017"
2017,UTA,Nigel Williams-Goss,Gonzaga,2,55,"Nigel Williams-Goss, 2017"
2017,BOS,Jabari Bird,California,2,56,"Jabari Bird, 2017"
2017,BRK,Sasha Vezenkov,No US College,2,57,"Sasha Vezenkov, 2017"
2017,NYK,Ognjen Jaramaz,No US College,2,58,"Ognjen Jaramaz, 2017"
2017,SAS,Jaron Blossomgame,Clemson,2,59,"Jaron Blossomgame, 2017"
2017,ATL,Alpha Kaba,No US College,2,60,"Alpha Kaba, 2017"
2018,PHO,Deandre Ayton,Arizona,1,1,"Deandre Ayton, 2018"
2018,SAC,Marvin Bagley III,Duke,1,2,"Marvin Bagley III, 2018"
2018,ATL,Luka Dončić,No US College,1,3,"Luka Dončić, 2018"
2018,MEM,Jaren Jackson Jr.,Michigan State,1,4,"Jaren Jackson Jr., 2018"
2018,DAL,Trae Young,Oklahoma,1,5,"Trae Young, 2018"
2018,ORL,Mo Bamba,Texas,1,6,"Mo Bamba, 2018"
2018,CHI,Wendell Carter Jr.,Duke,1,7,"Wendell Carter Jr., 2018"
2018,CLE,Collin Sexton,Alabama,1,8,"Collin Sexton, 2018"
2018,NYK,Kevin Knox,Kentucky,1,9,"Kevin Knox, 2018"
2018,PHI,Mikal Bridges,Villanova,1,10,"Mikal Bridges, 2018"
2018,CHO,Shai Gilgeous-Alexander,Kentucky,1,11,"Shai Gilgeous-Alexander, 2018"
2018,LAC,Miles Bridges,Michigan State,1,12,"Miles Bridges, 2018"
2018,LAC,Jerome Robinson,Boston College,1,13,"Jerome Robinson, 2018"
2018,DEN,Michael Porter Jr.,Missouri,1,14,"Michael Porter Jr., 2018"
2018,WAS,Troy Brown Jr.,Oregon,1,15,"Troy Brown Jr., 2018"
2018,PHO,Zhaire Smith,Texas Tech,1,16,"Zhaire Smith, 2018"
2018,MIL,Donte DiVincenzo,Villanova,1,17,"Donte DiVincenzo, 2018"
2018,SAS,Lonnie Walker,Miami (FL),1,18,"Lonnie Walker, 2018"
2018,ATL,Kevin Huerter,Maryland,1,19,"Kevin Huerter, 2018"
2018,MIN,Josh Okogie,Georgia Tech,1,20,"Josh Okogie, 2018"
2018,UTA,Grayson Allen,Duke,1,21,"Grayson Allen, 2018"
2018,CHI,Chandler Hutchison,Boise State,1,22,"Chandler Hutchison, 2018"
2018,IND,Aaron Holiday,UCLA,1,23,"Aaron Holiday, 2018"
2018,POR,Anfernee Simons,No US College,1,24,"Anfernee Simons, 2018"
2018,LAL,Moritz Wagner,Michigan,1,25,"Moritz Wagner, 2018"
2018,PHI,Landry Shamet,Wichita State,1,26,"Landry Shamet, 2018"
2018,BOS,Robert Williams,Texas A&M,1,27,"Robert Williams, 2018"
2018,GSW,Jacob Evans,Cincinnati,1,28,"Jacob Evans, 2018"
2018,BRK,Džanan Musa,No US College,1,29,"Džanan Musa, 2018"
2018,ATL,Omari Spellman,Villanova,1,30,"Omari Spellman, 2018"
2018,PHO,Elie Okobo,No US College,2,31,"Elie Okobo, 2018"
2018,MEM,Jevon Carter,West Virginia,2,32,"Jevon Carter, 2018"
2018,DAL,Jalen Brunson,Villanova,2,33,"Jalen Brunson, 2018"
2018,ATL,Devonte' Graham,Kansas,2,34,"Devonte' Graham, 2018"
2018,ORL,Melvin Frazier,Tulane,2,35,"Melvin Frazier, 2018"
2018,NYK,Mitchell Robinson,No US College,2,36,"Mitchell Robinson, 2018"
2018,SAC,Gary Trent Jr.,Duke,2,37,"Gary Trent Jr., 2018"
2018,PHI,Khyri Thomas,Creighton,2,38,"Khyri Thomas, 2018"
2018,PHI,Isaac Bonga,No US College,2,39,"Isaac Bonga, 2018"
2018,BRK,Rodions Kurucs,No US College,2,40,"Rodions Kurucs, 2018"
2018,ORL,Jarred Vanderbilt,Kentucky,2,41,"Jarred Vanderbilt, 2018"
2018,DET,Bruce Brown,Miami (FL),2,42,"Bruce Brown, 2018"
2018,DEN,Justin Jackson,Maryland,2,43,"Justin Jackson, 2018"
2018,WAS,Issuf Sanon,No US College,2,44,"Issuf Sanon, 2018"
2018,BRK,Hamidou Diallo,Kentucky,2,45,"Hamidou Diallo, 2018"
2018,HOU,De'Anthony Melton,USC,2,46,"De'Anthony Melton, 2018"
2018,LAL,Sviatoslav Mykhailiuk,Kansas,2,47,"Sviatoslav Mykhailiuk, 2018"
2018,MIN,Keita Bates-Diop,Ohio State,2,48,"Keita Bates-Diop, 2018"
2018,SAS,Chimezie Metu,USC,2,49,"Chimezie Metu, 2018"
2018,IND,Alize Johnson,Missouri State,2,50,"Alize Johnson, 2018"
2018,NOP,Tony Carr,Penn State,2,51,"Tony Carr, 2018"
2018,UTA,Vince Edwards,Purdue,2,52,"Vince Edwards, 2018"
2018,OKC,Devon Hall,Virginia,2,53,"Devon Hall, 2018"
2018,DAL,Shake Milton,SMU,2,54,"Shake Milton, 2018"
2018,CHO,Arnoldas Kulboka,No US College,2,55,"Arnoldas Kulboka, 2018"
2018,PHI,Ray Spalding,Louisville,2,56,"Ray Spalding, 2018"
2018,OKC,Kevin Hervey,UT Arlington,2,57,"Kevin Hervey, 2018"
2018,DEN,Thomas Welsh,UCLA,2,58,"Thomas Welsh, 2018"
2018,PHO,George King,Colorado,2,59,"George King, 2018"
2018,PHI,Kostas Antetokounmpo,Dayton,2,60,"Kostas Antetokounmpo, 2018"
2019,NOP,Zion Williamson,Duke,1,1,"Zion Williamson, 2019"
2019,MEM,Ja Morant,Murray State,1,2,"Ja Morant, 2019"
2019,NYK,RJ Barrett,Duke,1,3,"RJ Barrett, 2019"
2019,LAL,De'Andre Hunter,Virginia,1,4,"De'Andre Hunter, 2019"
2019,CLE,Darius Garland,Vanderbilt,1,5,"Darius Garland, 2019"
2019,PHO,Jarrett Culver,Texas Tech,1,6,"Jarrett Culver, 2019"
2019,CHI,Coby White,UNC,1,7,"Coby White, 2019"
2019,ATL,Jaxson Hayes,Texas,1,8,"Jaxson Hayes, 2019"
2019,WAS,Rui Hachimura,Gonzaga,1,9,"Rui Hachimura, 2019"
2019,ATL,Cam Reddish,Duke,1,10,"Cam Reddish, 2019"
2019,MIN,Cameron Johnson,UNC,1,11,"Cameron Johnson, 2019"
2019,CHO,P.J. Washington,Kentucky,1,12,"P.J. Washington, 2019"
2019,MIA,Tyler Herro,Kentucky,1,13,"Tyler Herro, 2019"
2019,BOS,Romeo Langford,Indiana,1,14,"Romeo Langford, 2019"
2019,DET,Sekou Doumbouya,No US College,1,15,"Sekou Doumbouya, 2019"
2019,ORL,Chuma Okeke,Auburn,1,16,"Chuma Okeke, 2019"
2019,BRK,Nickeil Alexander-Walker,Virginia Tech,1,17,"Nickeil Alexander-Walker, 2019"
2019,IND,Goga Bitadze,No US College,1,18,"Goga Bitadze, 2019"
2019,SAS,Luka Šamanić,No US College,1,19,"Luka Šamanić, 2019"
2019,BOS,Matisse Thybulle,Washington,1,20,"Matisse Thybulle, 2019"
2019,OKC,Brandon Clarke,Gonzaga,1,21,"Brandon Clarke, 2019"
2019,BOS,Grant Williams,Tennessee,1,22,"Grant Williams, 2019"
2019,UTA,Darius Bazley,No US College,1,23,"Darius Bazley, 2019"
2019,PHI,Ty Jerome,Virginia,1,24,"Ty Jerome, 2019"
2019,POR,Nassir Little,UNC,1,25,"Nassir Little, 2019"
2019,CLE,Dylan Windler,Belmont,1,26,"Dylan Windler, 2019"
2019,BRK,Mfiondu Kabengele,Florida State,1,27,"Mfiondu Kabengele, 2019"
2019,GSW,Jordan Poole,Michigan,1,28,"Jordan Poole, 2019"
2019,SAS,Keldon Johnson,Kentucky,1,29,"Keldon Johnson, 2019"
2019,MIL,Kevin Porter Jr.,USC,1,30,"Kevin Porter Jr., 2019"
2019,BRK,Nicolas Claxton,Georgia,2,31,"Nicolas Claxton, 2019"
2019,PHO,KZ Okpala,Stanford,2,32,"KZ Okpala, 2019"
2019,PHI,Carsen Edwards,Purdue,2,33,"Carsen Edwards, 2019"
2019,PHI,Bruno Fernando,Maryland,2,34,"Bruno Fernando, 2019"
2019,ATL,Didi Louzada,No US College,2,35,"Didi Louzada, 2019"
2019,CHO,Cody Martin,Nevada,2,36,"Cody Martin, 2019"
2019,DAL,Deividas Sirvydis,No US College,2,37,"Deividas Sirvydis, 2019"
2019,CHI,Daniel Gafford,Arkansas,2,38,"Daniel Gafford, 2019"
2019,NOP,Alen Smailagić,No US College,2,39,"Alen Smailagić, 2019"
2019,SAC,Justin James,Wyoming,2,40,"Justin James, 2019"
2019,GSW,Eric Paschall,Villanova,2,41,"Eric Paschall, 2019"
2019,PHI,Admiral Schofield,Tennessee,2,42,"Admiral Schofield, 2019"
2019,MIN,Jaylen Nowell,Washington,2,43,"Jaylen Nowell, 2019"
2019,MIA,Bol Bol,Oregon,2,44,"Bol Bol, 2019"
2019,DET,Isaiah Roby,Nebraska,2,45,"Isaiah Roby, 2019"
2019,ORL,Talen Horton-Tucker,Iowa State,2,46,"Talen Horton-Tucker, 2019"
2019,SAC,Ignas Brazdeikis,Michigan,2,47,"Ignas Brazdeikis, 2019"
2019,LAC,Terance Mann,Florida State,2,48,"Terance Mann, 2019"
2019,SAS,Quinndary Weatherspoon,Mississippi State,2,49,"Quinndary Weatherspoon, 2019"
2019,IND,Jarrell Brantley,College of Charleston,2,50,"Jarrell Brantley, 2019"
2019,BOS,Tremont Waters,LSU,2,51,"Tremont Waters, 2019"
2019,CHO,Jalen McDaniels,San Diego State,2,52,"Jalen McDaniels, 2019"
2019,UTA,Justin Wright-Foreman,Hofstra,2,53,"Justin Wright-Foreman, 2019"
2019,PHI,Marial Shayok,Iowa State,2,54,"Marial Shayok, 2019"
2019,NYK,Kyle Guy,Virginia,2,55,"Kyle Guy, 2019"
2019,LAC,Jaylen Hands,UCLA,2,56,"Jaylen Hands, 2019"
2019,NOP,Jordan Bone,Tennessee,2,57,"Jordan Bone, 2019"
2019,GSW,Miye Oni,Yale,2,58,"Miye Oni, 2019"
2019,TOR,Dewan Hernandez,Miami (FL),2,59,"Dewan Hernandez, 2019"
2019,SAC,Vanja Marinković,No US College,2,60,"Vanja Marinković, 2019"
2020,MIN,Anthony Edwards,Georgia,1,1,"Anthony Edwards, 2020"
2020,GSW,James Wiseman,Memphis,1,2,"James Wiseman, 2020"
2020,CHO,LaMelo Ball,No US College,1,3,"LaMelo Ball, 2020"
2020,CHI,Patrick Williams,Florida State,1,4,"Patrick Williams, 2020"
2020,CLE,Isaac Okoro,Auburn,1,5,"Isaac Okoro, 2020"
2020,ATL,Onyeka Okongwu,USC,1,6,"Onyeka Okongwu, 2020"
2020,DET,Killian Hayes,No US College,1,7,"Killian Hayes, 2020"
2020,NYK,Obi Toppin,Dayton,1,8,"Obi Toppin, 2020"
2020,WAS,Deni Avdija,No US College,1,9,"Deni Avdija, 2020"
2020,PHO,Jalen Smith,Maryland,1,10,"Jalen Smith, 2020"
2020,SAS,Devin Vassell,Florida State,1,11,"Devin Vassell, 2020"
2020,SAC,Tyrese Haliburton,Iowa State,1,12,"Tyrese Haliburton, 2020"
2020,NOP,Kira Lewis Jr.,Alabama,1,13,"Kira Lewis Jr., 2020"
2020,BOS,Aaron Nesmith,Vanderbilt,1,14,"Aaron Nesmith, 2020"
2020,ORL,Cole Anthony,UNC,1,15,"Cole Anthony, 2020"
2020,POR,Isaiah Stewart,Washington,1,16,"Isaiah Stewart, 2020"
2020,MIN,Aleksej Pokusevski,No US College,1,17,"Aleksej Pokusevski, 2020"
2020,DAL,Josh Green,Arizona,1,18,"Josh Green, 2020"
2020,BRK,Saddiq Bey,Villanova,1,19,"Saddiq Bey, 2020"
2020,MIA,Precious Achiuwa,Memphis,1,20,"Precious Achiuwa, 2020"
2020,PHI,Tyrese Maxey,Kentucky,1,21,"Tyrese Maxey, 2020"
2020,DEN,Zeke Nnaji,Arizona,1,22,"Zeke Nnaji, 2020"
2020,NYK,Leandro Bolmaro,No US College,1,23,"Leandro Bolmaro, 2020"
2020,MIL,R.J. Hampton,No US College,1,24,"R.J. Hampton, 2020"
2020,OKC,Immanuel Quickley,Kentucky,1,25,"Immanuel Quickley, 2020"
2020,BOS,Payton Pritchard,Oregon,1,26,"Payton Pritchard, 2020"
2020,UTA,Udoka Azubuike,Kansas,1,27,"Udoka Azubuike, 2020"
2020,LAL,Jaden McDaniels,Washington,1,28,"Jaden McDaniels, 2020"
2020,TOR,Malachi Flynn,San Diego State,1,29,"Malachi Flynn, 2020"
2020,BOS,Desmond Bane,TCU,1,30,"Desmond Bane, 2020"
2020,DAL,Tyrell Terry,Stanford,2,31,"Tyrell Terry, 2020"
2020,CHO,Vernon Carey Jr.,Duke,2,32,"Vernon Carey Jr., 2020"
2020,MIN,Daniel Oturu,Minnesota,2,33,"Daniel Oturu, 2020"
2020,PHI,Théo Maledon,No US College,2,34,"Théo Maledon, 2020"
2020,SAC,Xavier Tillman Sr.,Michigan State,2,35,"Xavier Tillman Sr., 2020"
2020,PHI,Tyler Bey,Colorado,2,36,"Tyler Bey, 2020"
2020,WAS,Vit Krejci,No US College,2,37,"Vit Krejci, 2020"
2020,UTA,Saben Lee,Vanderbilt,2,38,"Saben Lee, 2020"
2020,NOP,Elijah Hughes,Syracuse,2,39,"Elijah Hughes, 2020"
2020,MEM,Robert Woodard,Mississippi State,2,40,"Robert Woodard, 2020"
2020,SAS,Tre Jones,Duke,2,41,"Tre Jones, 2020"
2020,NOP,Nick Richards,Kentucky,2,42,"Nick Richards, 2020"
2020,SAC,Jahmi'us Ramsey,Texas Tech,2,43,"Jahmi'us Ramsey, 2020"
2020,CHI,Marko Simonovic,No US College,2,44,"Marko Simonovic, 2020"
2020,MIL,Jordan Nwora,Louisville,2,45,"Jordan Nwora, 2020"
2020,POR,CJ Elleby,Washington State,2,46,"CJ Elleby, 2020"
2020,BOS,Yam Madar,No US College,2,47,"Yam Madar, 2020"
2020,GSW,Nico Mannion,Arizona,2,48,"Nico Mannion, 2020"
2020,PHI,Isaiah Joe,Arkansas,2,49,"Isaiah Joe, 2020"
2020,ATL,Skylar Mays,LSU,2,50,"Skylar Mays, 2020"
2020,GSW,Justinian Jessup,Boise State,2,51,"Justinian Jessup, 2020"
2020,SAC,Kenyon Martin Jr.,No US College,2,52,"Kenyon Martin Jr., 2020"
2020,OKC,Cassius Winston,Michigan State,2,53,"Cassius Winston, 2020"
2020,IND,Cassius Stanley,Duke,2,54,"Cassius Stanley, 2020"
2020,BRK,Jay Scrubb,John A. Logan College,2,55,"Jay Scrubb, 2020"
2020,CHO,Grant Riller,College of Charleston,2,56,"Grant Riller, 2020"
2020,LAC,Reggie Perry,Mississippi State,2,57,"Reggie Perry, 2020"
2020,PHI,Paul Reed,DePaul,2,58,"Paul Reed, 2020"
2020,TOR,Jalen Harris,Nevada,2,59,"Jalen Harris, 2020"
2020,NOP,Sam Merrill,Utah State University,2,60,"Sam Merrill, 2020"
